path_id,delay_s,distance_m,real_coeff,imag_coeff,magnitude,phase_rad,channel_gain_db,rss_power_w,rss_power_dbm
0,6.544621e-07,196.33862,-3.0054361e-09,0.0,3.0054361e-09,3.1415927,-170.44186,9.032632635789773e-20,-160.44186401367188
1,5.288093e-07,158.64279,-2.384352e-08,0.0,2.384352e-08,3.1415927,-152.45259,5.685146589218261e-18,-142.4525909423828
2,7.8711116e-07,236.13335,-6.9308174e-07,0.0,6.9308174e-07,3.1415927,-123.18431,4.803625064316334e-15,-113.18431091308594
3,5.64222e-07,169.26659,1.5732642e-09,0.0,1.5732642e-09,0.0,-176.06398,2.475154775483952e-20,-166.06398010253906
4,6.1065623e-07,183.19687,-9.428807e-10,0.0,9.428807e-10,3.1415927,-180.51086,8.890241571274439e-21,-170.5108642578125
5,5.515651e-07,165.46953,3.1405577e-08,0.0,3.1405577e-08,0.0,-150.05986,9.863129570514891e-18,-140.0598602294922
6,5.173863e-07,155.2159,-4.3878333e-07,0.0,4.3878333e-07,3.1415927,-127.155,1.925307583174919e-15,-117.15499877929688
7,4.331541e-07,129.94623,1.0097169e-05,0.0,1.0097169e-05,0.0,-99.91601,1.0195276697530509e-12,-89.91600799560547
8,5.555086e-07,166.65259,5.37435e-10,0.0,5.37435e-10,0.0,-185.3935,2.888360410463886e-21,-175.39349365234375
9,4.721217e-07,141.63652,6.6496995e-08,0.0,6.6496995e-08,0.0,-143.54396,4.421841533423489e-17,-133.54396057128906
10,5.459708e-07,163.79124,7.700857e-09,0.0,7.700857e-09,0.0,-162.26921,5.930330780994798e-19,-152.2692108154297
11,7.9107775e-07,237.32332,-4.270467e-07,0.0,4.270467e-07,3.1415927,-127.39049,1.823690099284005e-15,-117.39048767089844
12,5.557071e-07,166.71213,1.0289034e-10,0.0,1.0289034e-10,0.0,-199.7525,1.0586435724152905e-22,-189.75250244140625
13,5.9193195e-07,177.57959,1.958483e-09,0.0,1.958483e-09,0.0,-174.1616,3.8356539487494354e-20,-164.16160583496094
14,6.1015317e-07,183.04594,1.0045361e-10,0.0,1.0045361e-10,0.0,-199.9607,1.0090926314945896e-22,-189.960693359375
15,4.2797598e-07,128.39279,3.0184044e-10,0.0,3.0184044e-10,0.0,-190.40445,9.110761339063506e-22,-180.40444946289062
16,4.7821993e-07,143.46597,-1.444877e-08,0.0,1.444877e-08,3.1415927,-156.80338,2.087671103595527e-18,-146.80337524414062
17,7.804771e-07,234.14313,9.1557844e-08,0.0,9.1557844e-08,0.0,-140.76608,8.382842880492455e-17,-130.76608276367188
18,4.695495e-07,140.86485,-9.502976e-07,0.0,9.502976e-07,3.1415927,-120.44281,9.030649390448248e-15,-110.44281005859375
19,4.7923277e-07,143.76984,3.1897678e-09,0.0,3.1897678e-09,0.0,-169.9248,1.0174633665836508e-19,-159.9248046875
20,3.819814e-07,114.59442,6.282639e-06,0.0,6.282639e-06,0.0,-104.03716,3.947152663313219e-13,-94.03716278076172
21,5.513129e-07,165.39388,-3.6187398e-09,0.0,3.6187398e-09,3.1415927,-168.82886,1.3095287562843634e-19,-158.828857421875
22,4.2760595e-07,128.28178,-1.0760099e-08,0.0,1.0760099e-08,3.1415927,-159.36368,1.1577984995358787e-18,-149.36367797851562
23,5.280232e-07,158.40695,2.1807772e-10,0.0,2.1807772e-10,0.0,-193.22777,4.755795768104072e-22,-183.22776794433594
24,3.7751738e-07,113.25521,2.9855512e-06,0.0,2.9855512e-06,0.0,-110.499504,8.913503886810031e-14,-100.49950408935547
25,4.290176e-07,128.70528,-2.0963195e-07,0.0,2.0963195e-07,3.1415927,-133.57085,4.394563366752756e-16,-123.57084655761719
26,5.9285327e-07,177.85599,-3.8259346e-10,0.0,3.8259346e-10,3.1415927,-188.34525,1.4637801044435449e-21,-178.34524536132812
27,4.277853e-07,128.33559,1.5142203e-07,0.0,1.5142203e-07,0.0,-136.39621,2.292868954427332e-16,-126.39620971679688
28,6.101531e-07,183.04593,1.0046642e-10,0.0,1.0046642e-10,0.0,-199.95958,1.0093497370408192e-22,-189.95957946777344
29,4.785159e-07,143.55478,-1.02031336e-07,0.0,1.02031336e-07,3.1415927,-139.82532,1.0410424689259986e-16,-129.8253173828125
30,5.5454245e-07,166.36273,-2.2008667e-08,0.0,2.2008667e-08,3.1415927,-153.14813,4.843802163036488e-18,-143.14813232421875
31,7.861859e-07,235.85577,-2.7133362e-08,0.0,2.7133362e-08,3.1415927,-151.32993,7.36221019982614e-18,-141.32992553710938
32,8.62297e-07,258.6891,1.1062339e-07,0.0,1.1062339e-07,0.0,-139.12306,1.2237541592681006e-16,-129.12306213378906
33,8.498445e-07,254.95335,-3.383666e-07,0.0,3.383666e-07,3.1415927,-129.41225,1.1449195058479424e-15,-119.41224670410156
34,4.928537e-07,147.85611,-4.6418553e-08,0.0,4.6418553e-08,3.1415927,-146.66617,2.1546839001505918e-17,-136.66616821289062
35,5.1959177e-07,155.87753,7.984564e-08,0.0,7.984564e-08,0.0,-141.95497,6.37532714989648e-17,-131.95497131347656
36,4.943548e-07,148.30644,1.9194408e-07,0.0,1.9194408e-07,0.0,-134.33652,3.684241272487504e-16,-124.33651733398438
37,4.6202993e-07,138.60898,-5.2005897e-09,0.0,5.2005897e-09,3.1415927,-165.67894,2.7046184901917978e-19,-155.67893981933594
38,5.3225125e-07,159.67537,9.4856304e-08,0.0,9.4856304e-08,0.0,-140.45868,8.997712037838232e-17,-130.45867919921875
39,5.4413096e-07,163.23929,-4.038653e-09,0.0,4.038653e-09,3.1415927,-167.87527,1.6310711794778006e-19,-157.87527465820312
40,4.2664973e-07,127.99492,-7.331742e-07,0.0,7.331742e-07,3.1415927,-122.695854,5.3754328665687155e-15,-112.69585418701172
41,6.1200296e-07,183.60089,-1.8037792e-08,0.0,1.8037792e-08,3.1415927,-154.87634,3.2536088535637744e-18,-144.8763427734375
42,5.446372e-07,163.39116,4.274909e-08,0.0,4.274909e-08,0.0,-147.38145,1.8274864877187088e-17,-137.38145446777344
43,4.7894076e-07,143.68224,1.3770682e-09,0.0,1.3770682e-09,0.0,-177.2209,1.8963139776585168e-20,-167.2209014892578
44,8.668721e-07,260.0616,-5.6570457e-07,0.0,5.6570457e-07,3.1415927,-124.948204,3.2002099063723095e-15,-114.94820404052734
45,5.919015e-07,177.57045,1.9950437e-09,0.0,1.9950437e-09,0.0,-174.00095,3.980201175853663e-20,-164.00094604492188
46,5.4413096e-07,163.23929,-2.363333e-10,0.0,2.363333e-10,3.1415927,-192.52951,5.5853361476145415e-22,-182.52951049804688
47,5.2711573e-07,158.13472,1.42689744e-08,0.0,1.42689744e-08,0.0,-156.91214,2.0360403509163453e-18,-146.91213989257812
48,5.102924e-07,153.08772,2.0774017e-08,0.0,2.0774017e-08,0.0,-153.64958,4.315610118793815e-18,-143.6495819091797
49,5.0998955e-07,152.99686,1.2707379e-08,0.0,1.2707379e-08,0.0,-157.91888,1.6147704998328892e-18,-147.91888427734375
50,5.79643e-07,173.8929,2.6067271e-08,0.0,2.6067271e-08,0.0,-151.67809,6.795031478952618e-18,-141.67808532714844
51,5.4512657e-07,163.53796,1.09547205e-10,0.0,1.09547205e-10,0.0,-199.20798,1.2000591327974059e-22,-189.20797729492188
52,5.4441966e-07,163.3259,-3.507261e-08,0.0,3.507261e-08,3.1415927,-149.10063,1.2300909417866856e-17,-139.1006317138672
53,5.538791e-07,166.16373,-5.1180604e-07,0.0,5.1180604e-07,3.1415927,-125.81789,2.6194553186145546e-15,-115.81788635253906
54,5.3225125e-07,159.67537,-2.7692215e-07,0.0,2.7692215e-07,3.1415927,-131.15285,7.66858208302247e-16,-121.15284729003906
55,8.884831e-07,266.54492,-5.7359557e-08,0.0,5.7359557e-08,3.1415927,-144.82788,3.290121474341508e-17,-134.827880859375
56,5.446372e-07,163.39116,2.4940503e-09,0.0,2.4940503e-09,0.0,-172.0619,6.220279299185714e-20,-162.06190490722656
57,4.7739695e-07,143.21909,-4.1897783e-07,0.0,4.1897783e-07,3.1415927,-127.55618,1.7554234789000445e-15,-117.55618286132812
58,5.175723e-07,155.27168,1.2752469e-07,0.0,1.2752469e-07,0.0,-137.88812,1.6262501868201552e-16,-127.88812255859375
59,6.0630026e-07,181.89008,6.4464456e-09,0.0,6.4464456e-09,0.0,-163.8136,4.155668543502093e-19,-153.8135986328125
60,5.286254e-07,158.58762,1.8379659e-08,0.0,1.8379659e-08,0.0,-154.71326,3.3781200084731658e-18,-144.7132568359375
61,5.098781e-07,152.96342,-4.131623e-08,0.0,4.131623e-08,3.1415927,-147.67758,1.7070355902050646e-17,-137.67758178710938
62,4.925443e-07,147.76329,5.8361053e-08,0.0,5.8361053e-08,0.0,-144.67754,3.4060078237989623e-17,-134.6775360107422
63,5.0981873e-07,152.94562,9.14679e-09,0.0,9.14679e-09,0.0,-160.77463,8.366365794242159e-19,-150.77462768554688
64,8.6281926e-07,258.84576,8.803827e-08,0.0,8.803827e-08,0.0,-141.10657,7.750741896625973e-17,-131.1065673828125
65,8.324259e-07,249.72777,2.1653715e-08,0.0,2.1653715e-08,0.0,-153.28935,4.6888286345037595e-18,-143.2893524169922
66,5.5065203e-07,165.1956,6.932355e-08,0.0,6.932355e-08,0.0,-143.18239,4.8057456510044547e-17,-133.18238830566406
67,4.2676703e-07,128.0301,-1.4443168e-07,0.0,1.4443168e-07,3.1415927,-136.80676,2.086044419833717e-16,-126.8067626953125
68,4.7407084e-07,142.22125,1.1888525e-06,0.0,1.1888525e-06,0.0,-118.49744,1.4133709495464924e-14,-108.4974365234375
69,7.3289635e-07,219.86891,1.711318e-07,0.0,1.711318e-07,0.0,-135.33339,2.928609532989047e-16,-125.33338928222656
70,5.106758e-07,153.20274,2.3172244e-09,0.0,2.3172244e-09,0.0,-172.70064,5.369534055815155e-20,-162.7006378173828
71,5.1162135e-07,153.4864,3.54076e-09,0.0,3.54076e-09,0.0,-169.01808,1.253695874394624e-19,-159.01808166503906
72,5.9648556e-07,178.94566,-1.3464858e-08,0.0,1.3464858e-08,3.1415927,-157.41595,1.813025013146536e-18,-147.41595458984375
73,5.4597086e-07,163.79126,4.4933707e-10,0.0,4.4933707e-10,0.0,-186.94855,2.019041650387887e-21,-176.94854736328125
74,4.935718e-07,148.07155,-2.2526196e-08,0.0,2.2526196e-08,3.1415927,-152.94624,5.074294386363164e-18,-142.9462432861328
75,8.7340254e-07,262.02075,8.890452e-08,0.0,8.890452e-08,0.0,-141.02151,7.904021772854499e-17,-131.02151489257812
76,5.4422304e-07,163.2669,3.290747e-10,0.0,3.290747e-10,0.0,-189.6541,1.0829035191186354e-21,-179.6540985107422
77,5.551547e-07,166.54642,2.720624e-09,0.0,2.720624e-09,0.0,-171.30663,7.401795651822902e-20,-161.30662536621094
78,8.669299e-07,260.07898,5.531301e-07,0.0,5.531301e-07,0.0,-125.14345,3.0595308628440527e-15,-115.14344787597656
79,5.195919e-07,155.87756,-4.1174406e-09,0.0,4.1174406e-09,3.1415927,-167.70746,1.6953281204245683e-19,-157.70745849609375
80,5.18663e-07,155.5989,-8.055878e-08,0.0,8.055878e-08,3.1415927,-141.87775,6.489711008489293e-17,-131.87774658203125
81,7.326691e-07,219.80074,-1.9883261e-07,0.0,1.9883261e-07,3.1415927,-134.03024,3.9534415780147214e-16,-124.03024291992188
82,5.636742e-07,169.10225,1.056923e-09,0.0,1.056923e-09,0.0,-179.51913,1.117084879812346e-20,-169.51913452148438
83,5.457531e-07,163.72592,8.654419e-09,0.0,8.654419e-09,0.0,-161.25525,7.489890904047682e-19,-151.2552490234375
84,5.4553664e-07,163.661,-8.322994e-09,0.0,8.322994e-09,3.1415927,-161.5944,6.92722042091015e-19,-151.5944061279297
85,5.4579965e-07,163.7399,-2.1705278e-09,0.0,2.1705278e-09,3.1415927,-173.2687,4.711183591223614e-20,-163.26870727539062
86,5.1773515e-07,155.32054,4.328899e-07,0.0,4.328899e-07,0.0,-127.27245,1.87393143503392e-15,-117.27245330810547
87,5.6252526e-07,168.75758,8.752697e-08,0.0,8.752697e-08,0.0,-141.15717,7.660957727705997e-17,-131.15716552734375
88,6.126034e-07,183.78102,1.8186544e-09,0.0,1.8186544e-09,0.0,-174.805,3.307506559335143e-20,-164.80499267578125
89,4.929553e-07,147.88658,3.0106612e-08,0.0,3.0106612e-08,0.0,-150.42676,9.064106186013168e-18,-140.4267578125
90,4.4792904e-07,134.37871,2.739018e-07,0.0,2.739018e-07,0.0,-131.24811,7.502203106962452e-16,-121.24810791015625
91,5.5513476e-07,166.54044,1.1698396e-08,0.0,1.1698396e-08,0.0,-158.63748,1.3685208994273842e-18,-148.63748168945312
92,5.9305864e-07,177.91759,3.930645e-10,0.0,3.930645e-10,0.0,-188.11073,1.5449936501804101e-21,-178.11073303222656
93,5.209207e-07,156.27621,-1.1861021e-08,0.0,1.1861021e-08,3.1415927,-158.51756,1.406834354437192e-18,-148.51756286621094
94,5.445115e-07,163.35345,2.3103361e-09,0.0,2.3103361e-09,0.0,-172.7265,5.337651736197491e-20,-162.72650146484375
95,5.024139e-07,150.72417,7.081931e-09,0.0,7.081931e-09,0.0,-162.99696,5.015382169546831e-19,-152.99696350097656
96,7.6050696e-07,228.15208,-1.6486593e-09,0.0,1.6486593e-09,3.1415927,-175.65738,2.718074133818621e-20,-165.65737915039062
97,8.932227e-07,267.9668,-1.5542046e-08,0.0,1.5542046e-08,3.1415927,-156.16983,2.415553090702359e-18,-146.16983032226562
98,1.211658e-06,363.49738,7.4504563e-09,0.0,7.4504563e-09,0.0,-162.55634,5.550929400398749e-19,-152.55633544921875
99,5.2061694e-07,156.18507,-1.9395099e-09,0.0,1.9395099e-09,3.1415927,-174.24615,3.7616998014606466e-20,-164.24615478515625
100,4.343528e-07,130.30585,-2.1946391e-08,0.0,2.1946391e-08,3.1415927,-153.17274,4.816437374012009e-18,-143.17274475097656
101,8.9461025e-07,268.3831,-5.717823e-08,0.0,5.717823e-08,3.1415927,-144.85538,3.269350638288057e-17,-134.85537719726562
102,6.0848043e-07,182.54413,1.0677126e-08,0.0,1.0677126e-08,0.0,-159.43091,1.140012358607187e-18,-149.430908203125
103,4.276916e-07,128.30748,3.071611e-08,0.0,3.071611e-08,0.0,-150.25267,9.43481462215432e-18,-140.25267028808594
104,5.4373834e-07,163.1215,1.0059417e-08,0.0,1.0059417e-08,0.0,-159.94855,1.0119196150430175e-18,-149.94854736328125
105,5.449603e-07,163.48808,-6.562485e-10,0.0,6.562485e-10,3.1415927,-183.65863,4.306616500648604e-21,-173.65863037109375
106,1.1302695e-06,339.08087,2.704917e-09,0.0,2.704917e-09,0.0,-171.35693,7.316567614396383e-20,-161.35693359375
107,5.416643e-07,162.49928,-4.175392e-10,0.0,4.175392e-10,3.1415927,-187.58606,1.743387952170817e-21,-177.5860595703125
108,5.1114773e-07,153.34431,1.5921467e-09,0.0,1.5921467e-09,0.0,-175.96033,2.5349353768471006e-20,-165.9603271484375
109,5.543421e-07,166.30263,3.994565e-08,0.0,3.994565e-08,0.0,-147.97061,1.5956515848217367e-17,-137.97061157226562
110,7.8496004e-07,235.488,-8.006992e-07,0.0,8.006992e-07,3.1415927,-121.93061,6.411211012492639e-15,-111.93061065673828
111,5.195919e-07,155.87756,-6.697024e-10,0.0,6.697024e-10,3.1415927,-183.48236,4.485015286527997e-21,-173.48236083984375
112,5.204476e-07,156.13428,3.2170457e-09,0.0,3.2170457e-09,0.0,-169.85086,1.0349361353071557e-19,-159.85086059570312
113,5.5433156e-07,166.29947,-8.588436e-09,0.0,8.588436e-09,3.1415927,-161.32172,7.376126686451733e-19,-151.32171630859375
114,6.221116e-07,186.63348,-1.6938956e-10,0.0,1.6938956e-10,3.1415927,-195.42227,2.869281740051356e-22,-185.42227172851562
115,5.1968823e-07,155.90646,-8.467739e-08,0.0,8.467739e-08,3.1415927,-141.44466,7.170238454137079e-17,-131.4446563720703
116,5.4431797e-07,163.2954,-2.9648606e-10,0.0,2.9648606e-10,3.1415927,-190.55992,8.790384351960845e-22,-180.55992126464844
117,1.094695e-06,328.4085,-4.253161e-08,0.0,4.253161e-08,3.1415927,-147.42577,1.8089367970460847e-17,-137.42576599121094
118,5.452456e-07,163.57368,-7.4446116e-11,0.0,7.4446116e-11,3.1415927,-202.56316,5.5422331664065e-23,-192.5631561279297
119,4.6280684e-07,138.84206,-1.5240254e-10,0.0,1.5240254e-10,3.1415927,-196.34016,2.3226511149601497e-22,-186.3401641845703
120,4.7822e-07,143.466,-1.4441768e-08,0.0,1.4441768e-08,3.1415927,-156.80759,2.085645958660844e-18,-146.80758666992188
121,4.483859e-07,134.51576,1.5822455e-07,0.0,1.5822455e-07,0.0,-136.01453,2.5034974610475065e-16,-126.0145263671875
122,8.898157e-07,266.9447,3.6587036e-09,0.0,3.6587036e-09,0.0,-168.73346,1.338608807706548e-19,-158.73345947265625
123,1.1458177e-06,343.7453,1.8092878e-08,0.0,1.8092878e-08,0.0,-154.84984,3.2735317054122672e-18,-144.84983825683594
124,8.681923e-07,260.45767,3.7002625e-09,0.0,3.7002625e-09,0.0,-168.63535,1.369194327843579e-19,-158.63534545898438
125,4.4731703e-07,134.19511,-8.935338e-07,0.0,8.935338e-07,3.1415927,-120.97778,7.984020752469997e-15,-110.977783203125
126,5.2585415e-07,157.75624,-4.5411785e-09,0.0,4.5411785e-09,3.1415927,-166.85663,2.062228475519468e-19,-156.85662841796875
127,3.8100313e-07,114.30094,-5.725713e-06,0.0,5.725713e-06,3.1415927,-104.84341,3.2783801715008387e-13,-94.8434066772461
128,9.2596366e-07,277.7891,-3.8779636e-08,0.0,3.8779636e-08,3.1415927,-148.22794,1.5038552163436644e-17,-138.22793579101562
129,5.247237e-07,157.41711,-1.8648299e-08,0.0,1.8648299e-08,3.1415927,-154.58722,3.477593853806649e-18,-144.58721923828125
130,5.914111e-07,177.42332,-2.571606e-10,0.0,2.571606e-10,3.1415927,-191.7959,6.613171167584096e-22,-181.7958984375
131,7.315651e-07,219.46953,-2.3576473e-07,0.0,2.3576473e-07,3.1415927,-132.55042,5.558516073502417e-16,-122.5504150390625
132,5.802532e-07,174.07596,4.13816e-09,0.0,4.13816e-09,0.0,-167.66386,1.7124344739861063e-19,-157.6638641357422
133,5.44131e-07,163.2393,-2.3632915e-10,0.0,2.3632915e-10,3.1415927,-192.52966,5.585140257674557e-22,-182.5296630859375
134,5.2844666e-07,158.534,-6.656231e-09,0.0,6.656231e-09,3.1415927,-163.53543,4.430550483823238e-19,-153.53543090820312
135,4.821508e-07,144.64525,-2.8247644e-08,0.0,2.8247644e-08,3.1415927,-150.98036,7.979288591151924e-18,-140.98036193847656
136,6.014379e-07,180.43137,2.5677593e-08,0.0,2.5677593e-08,0.0,-151.80891,6.593392969753017e-18,-141.8089141845703
137,5.1279557e-07,153.83867,-1.7073384e-08,0.0,1.7073384e-08,3.1415927,-155.3536,2.915007432898868e-18,-145.35360717773438
138,5.1773515e-07,155.32054,4.3284186e-07,0.0,4.3284186e-07,0.0,-127.273415,1.8735242239445275e-15,-117.2734146118164
139,5.7910273e-07,173.73082,2.0054877e-07,0.0,2.0054877e-07,0.0,-133.9556,4.0219871898756836e-16,-123.95559692382812
140,5.4056966e-07,162.1709,-6.2756236e-08,0.0,6.2756236e-08,3.1415927,-144.04686,3.938347517069099e-17,-134.04685974121094
141,4.7173177e-07,141.51953,-8.6589186e-10,0.0,8.6589186e-10,3.1415927,-181.25073,7.497691087977086e-21,-171.250732421875
142,4.825914e-07,144.77742,-2.2021839e-08,0.0,2.2021839e-08,3.1415927,-153.14293,4.849613106839673e-18,-143.14292907714844
143,8.4475914e-07,253.42775,-3.3216912e-07,0.0,3.3216912e-07,3.1415927,-129.57281,1.1033641753347648e-15,-119.57281494140625
144,4.3421636e-07,130.26491,-1.3385829e-06,0.0,1.3385829e-06,3.1415927,-117.4671,1.791802654600022e-14,-107.46710205078125
145,4.7045688e-07,141.13707,1.5151927e-07,0.0,1.5151927e-07,0.0,-136.39064,2.2958110704300605e-16,-126.39064025878906
146,4.799634e-07,143.98901,2.2524855e-08,0.0,2.2524855e-08,0.0,-152.94676,5.073693026057838e-18,-142.94676208496094
147,4.2676706e-07,128.03012,-1.4394271e-05,0.0,1.4394271e-05,3.1415927,-96.836205,2.071951334461919e-12,-86.8362045288086
148,4.2797598e-07,128.39279,-1.2251661e-07,0.0,1.2251661e-07,3.1415927,-138.2361,1.501031056296286e-16,-128.23609924316406
149,5.090621e-07,152.71863,-1.12596354e-07,0.0,1.12596354e-07,3.1415927,-138.96951,1.2677929903826278e-16,-128.96951293945312
150,5.2689063e-07,158.06718,9.477585e-10,0.0,9.477585e-10,0.0,-180.46603,8.982471401780535e-21,-170.46603393554688
151,4.2797598e-07,128.39279,-1.9283498e-06,0.0,1.9283498e-06,3.1415927,-114.29628,3.7185329143131496e-14,-104.29627990722656
152,4.9224e-07,147.67201,1.5950226e-06,0.0,1.5950226e-06,0.0,-115.944664,2.5440920867919083e-14,-105.94466400146484
153,5.802532e-07,174.07596,4.1375046e-09,0.0,4.1375046e-09,0.0,-167.66524,1.7118930584257963e-19,-157.6652374267578
154,5.455366e-07,163.66098,-4.83431e-10,0.0,4.83431e-10,3.1415927,-186.31331,2.3370580627395393e-21,-176.3133087158203
155,5.16392e-07,154.9176,-6.950872e-07,0.0,6.950872e-07,3.1415927,-123.15922,4.8314687313584775e-15,-113.15921783447266
156,5.433957e-07,163.0187,1.652034e-07,0.0,1.652034e-07,0.0,-135.63962,2.7292166537164046e-16,-125.63961791992188
157,1.1457739e-06,343.73218,-1.533169e-08,0.0,1.533169e-08,3.1415927,-156.2882,2.3506148631235773e-18,-146.28819274902344
158,6.087594e-07,182.62782,-9.40682e-09,0.0,9.40682e-09,3.1415927,-160.53114,8.848833879162315e-19,-150.53114318847656
159,4.6136412e-07,138.40924,4.941297e-08,0.0,4.941297e-08,0.0,-146.12318,2.4416417881958527e-17,-136.12318420410156
160,5.5318293e-07,165.95488,-2.1560298e-09,0.0,2.1560298e-09,3.1415927,-173.3269,4.648456805163099e-20,-163.326904296875
161,5.9181036e-07,177.5431,1.81655e-09,0.0,1.81655e-09,0.0,-174.81505,3.299860308547856e-20,-164.81504821777344
162,9.2646155e-07,277.93848,-3.101556e-08,0.0,3.101556e-08,3.1415927,-150.16841,9.61962414179153e-18,-140.1684112548828
163,5.323453e-07,159.7036,2.6837088e-07,0.0,2.6837088e-07,0.0,-131.4253,7.20228832797661e-16,-121.42529296875
164,5.1076574e-07,153.22972,3.2153804e-07,0.0,3.2153804e-07,0.0,-129.85536,1.0338640632213654e-15,-119.85536193847656
165,5.520669e-07,165.62007,-1.1481796e-09,0.0,1.1481796e-09,3.1415927,-178.7998,1.3183171625518272e-20,-168.7998046875
166,4.2769156e-07,128.30746,-9.970717e-08,0.0,9.970717e-08,3.1415927,-140.02547,9.941540336884508e-17,-130.0254669189453
167,5.114339e-07,153.43016,-9.10362e-08,0.0,9.10362e-08,3.1415927,-140.81572,8.287593363829219e-17,-130.8157196044922
168,4.811549e-07,144.34648,-1.3638194e-09,0.0,1.3638194e-09,3.1415927,-177.30486,1.860004949293987e-20,-167.3048553466797
169,4.71838e-07,141.5514,3.939275e-09,0.0,3.939275e-09,0.0,-168.09167,1.5517870809873293e-19,-158.0916748046875
170,5.1884984e-07,155.65495,2.1174918e-08,0.0,2.1174918e-08,0.0,-153.48357,4.4837742829646204e-18,-143.4835662841797
171,8.6351605e-07,259.0548,1.0892334e-09,0.0,1.0892334e-09,0.0,-179.25758,1.1864287068765022e-20,-169.25758361816406
172,1.1183505e-06,335.50516,1.1962152e-09,0.0,1.1962152e-09,0.0,-178.44382,1.4309308559262462e-20,-168.44381713867188
173,5.2868796e-07,158.60638,2.0105306e-10,0.0,2.0105306e-10,0.0,-193.93379,4.042227786645188e-22,-183.9337921142578
174,5.286668e-07,158.60005,4.0139412e-08,0.0,4.0139412e-08,0.0,-147.92859,1.6111718092189466e-17,-137.9285888671875
175,7.316336e-07,219.49007,2.155837e-07,0.0,2.155837e-07,0.0,-133.32768,4.647630076914943e-16,-123.32768249511719
176,4.8107296e-07,144.32188,-3.4373024e-10,0.0,3.4373024e-10,3.1415927,-189.27565,1.1815045184614325e-21,-179.27565002441406
177,4.3424663e-07,130.27399,2.671992e-07,0.0,2.671992e-07,0.0,-131.4633,7.139538009661643e-16,-121.46330261230469
178,6.1023525e-07,183.07057,-1.3142946e-10,0.0,1.3142946e-10,3.1415927,-197.62616,1.7273677144204909e-22,-187.62615966796875
179,7.8085435e-07,234.2563,1.8409504e-09,0.0,1.8409504e-09,0.0,-174.69916,3.3891017875323905e-20,-164.69915771484375
180,8.434244e-07,253.02731,3.5957992e-10,0.0,3.5957992e-10,0.0,-188.8841,1.292978617061282e-21,-178.88409423828125
181,8.8036694e-07,264.11008,-4.483013e-09,0.0,4.483013e-09,3.1415927,-166.9686,2.0097434779120662e-19,-156.96859741210938
182,9.153556e-07,274.6067,-4.58799e-10,0.0,4.58799e-10,3.1415927,-186.76756,2.10496119949739e-21,-176.76756286621094
183,6.0276335e-07,180.82901,4.39312e-09,0.0,4.39312e-09,0.0,-167.14455,1.9299469151827241e-19,-157.14454650878906
184,5.764893e-07,172.9468,6.489534e-09,0.0,6.489534e-09,0.0,-163.75572,4.211412503475983e-19,-153.75572204589844
185,6.1051804e-07,183.15541,-9.123738e-10,0.0,9.123738e-10,3.1415927,-180.79654,8.3242537384514e-21,-170.79653930664062
186,1.000396e-06,300.1188,8.352603e-10,0.0,8.352603e-10,0.0,-181.56357,6.976589920288554e-21,-171.56356811523438
187,5.389883e-07,161.69649,1.0108874e-06,0.0,1.0108874e-06,0.0,-119.905945,1.02189231130311e-14,-109.90594482421875
188,4.706613e-07,141.1984,9.6425865e-08,0.0,9.6425865e-08,0.0,-140.31613,9.29795874786028e-17,-130.31613159179688
189,5.5257044e-07,165.77113,1.4370062e-08,0.0,1.4370062e-08,0.0,-156.85083,2.064983607344729e-18,-146.850830078125
190,7.9323155e-07,237.96947,2.184223e-09,0.0,2.184223e-09,0.0,-173.21405,4.770837207438039e-20,-163.21405029296875
191,6.015211e-07,180.45633,-2.4124047e-08,0.0,2.4124047e-08,3.1415927,-152.351,5.819694960475524e-18,-142.3509979248047
192,4.7087786e-07,141.26337,1.6240898e-06,0.0,1.6240898e-06,0.0,-115.7878,2.6376604283433018e-14,-105.78780364990234
193,8.499035e-07,254.97104,3.3525086e-07,0.0,3.3525086e-07,0.0,-129.4926,1.1239325705138226e-15,-119.49259948730469
194,4.7894076e-07,143.68224,-1.5355557e-10,0.0,1.5355557e-10,3.1415927,-196.27469,2.357935285528875e-22,-186.27468872070312
195,5.5511805e-07,166.53542,7.817016e-09,0.0,7.817016e-09,0.0,-162.13919,6.110564130688211e-19,-152.13919067382812
196,4.7173182e-07,141.51955,-8.5592183e-10,0.0,8.5592183e-10,3.1415927,-181.35132,7.326021222510356e-21,-171.351318359375
197,5.109056e-07,153.27167,-2.758797e-09,0.0,2.758797e-09,3.1415927,-171.18561,7.610956024525178e-20,-161.18560791015625
198,5.004016e-07,150.12048,4.1232036e-09,0.0,4.1232036e-09,0.0,-167.69531,1.7000775588573005e-19,-157.6953125
199,5.449604e-07,163.48813,-3.854682e-11,0.0,3.854682e-11,3.1415927,-208.28021,1.4858603779786662e-23,-198.28021240234375
200,8.894716e-07,266.8415,-2.6689937e-09,0.0,2.6689937e-09,3.1415927,-171.47305,7.12353338622977e-20,-161.47305297851562
201,6.120848e-07,183.62544,1.2016338e-08,0.0,1.2016338e-08,0.0,-158.40456,1.4439228583573852e-18,-148.40455627441406
202,5.1182377e-07,153.54713,-6.259562e-08,0.0,6.259562e-08,3.1415927,-144.06912,3.918213940959558e-17,-134.06912231445312
203,4.94456e-07,148.3368,-1.9146482e-07,0.0,1.9146482e-07,3.1415927,-134.35823,3.66586568679021e-16,-124.35823059082031
204,8.4481843e-07,253.44553,3.2014358e-07,0.0,3.2014358e-07,0.0,-129.8931,1.024921724638965e-15,-119.89309692382812
205,3.7949107e-07,113.84732,-4.011582e-06,0.0,4.011582e-06,3.1415927,-107.933685,1.6092802004180617e-13,-97.93368530273438
206,3.7856927e-07,113.57078,6.275131e-06,0.0,6.275131e-06,0.0,-104.04755,3.9377247122718284e-13,-94.04754638671875
207,4.27976e-07,128.3928,-1.61075e-07,0.0,1.61075e-07,3.1415927,-135.85944,2.5945185627682696e-16,-125.85943603515625
208,5.0997625e-07,152.99287,3.988769e-08,0.0,3.988769e-08,0.0,-147.98322,1.591033104589608e-17,-137.98321533203125
209,6.022682e-07,180.68045,1.7731981e-09,0.0,1.7731981e-09,0.0,-175.02486,3.144233061761966e-20,-165.0248565673828
210,5.526243e-07,165.78728,-6.146731e-10,0.0,6.146731e-10,3.1415927,-184.22713,3.77822378432803e-21,-174.2271270751953
211,9.512842e-07,285.38525,-1.5791114e-09,0.0,1.5791114e-09,3.1415927,-176.03174,2.4935942792366354e-20,-166.03173828125
212,5.447291e-07,163.41873,-4.3095444e-08,0.0,4.3095444e-08,3.1415927,-147.31137,1.857221314634275e-17,-137.31137084960938
213,5.400509e-07,162.01527,7.4453034e-08,0.0,7.4453034e-08,0.0,-142.56235,5.543255252945304e-17,-132.56234741210938
214,5.195917e-07,155.87752,3.255644e-08,0.0,3.255644e-08,0.0,-149.74725,1.0599229325819705e-17,-139.74725341796875
215,5.6429514e-07,169.28854,1.2173226e-08,0.0,1.2173226e-08,0.0,-158.29189,1.4818720437049399e-18,-148.29188537597656
216,5.5220045e-07,165.66014,-3.1216343e-10,0.0,3.1216343e-10,3.1415927,-190.11237,9.744595551625974e-22,-180.11236572265625
217,4.718395e-07,141.55185,-1.2229083e-06,0.0,1.2229083e-06,3.1415927,-118.25212,1.4955037533868898e-14,-108.25212097167969
218,4.625151e-07,138.75453,1.3123034e-08,0.0,1.3123034e-08,0.0,-157.63931,1.7221410248841099e-18,-147.63931274414062
219,1.2116991e-06,363.50974,-8.471088e-09,0.0,8.471088e-09,3.1415927,-161.44121,7.175940706407775e-19,-151.4412078857422
220,5.9222475e-07,177.66742,-4.731972e-11,0.0,4.731972e-11,3.1415927,-206.49916,2.2391558048321508e-23,-196.49916076660156
221,1.2996165e-06,389.88495,4.0505032e-08,0.0,4.0505032e-08,0.0,-147.84982,1.6406551732282967e-17,-137.84982299804688
222,9.096753e-07,272.9026,2.2048677e-10,0.0,2.2048677e-10,0.0,-193.13234,4.861448098466939e-22,-183.13233947753906
223,8.8853926e-07,266.56177,5.7260674e-08,0.0,5.7260674e-08,0.0,-144.84286,3.2787834751213664e-17,-134.84286499023438
224,4.479291e-07,134.37872,-1.4900374e-07,0.0,1.4900374e-07,3.1415927,-136.53606,2.220212453445328e-16,-126.53605651855469
225,5.835733e-07,175.07199,-7.819686e-08,0.0,7.819686e-08,3.1415927,-142.13622,6.114752022052476e-17,-132.13621520996094
226,6.2933935e-07,188.8018,-1.0737307e-07,0.0,1.0737307e-07,3.1415927,-139.3821,1.1528969415545222e-16,-129.38209533691406
227,7.7927876e-07,233.78363,-7.938652e-10,0.0,7.938652e-10,3.1415927,-182.00507,6.302223251865812e-21,-172.00506591796875
228,8.237152e-07,247.11456,-1.3861171e-08,0.0,1.3861171e-08,3.1415927,-157.164,1.9213207397128973e-18,-147.16400146484375
229,9.914824e-07,297.4447,-4.993501e-08,0.0,4.993501e-08,3.1415927,-146.03189,2.4935066743474175e-17,-136.03189086914062
230,6.094849e-07,182.84547,-1.0260486e-08,0.0,1.0260486e-08,3.1415927,-159.77664,1.0527737553042819e-18,-149.77664184570312
231,4.9562516e-07,148.68755,-8.730137e-09,0.0,8.730137e-09,3.1415927,-161.17958,7.621525841789957e-19,-151.17958068847656
232,8.460854e-07,253.82562,-3.2875602e-09,0.0,3.2875602e-09,3.1415927,-169.66254,1.0808034295201918e-19,-159.66253662109375
233,4.9506673e-07,148.52002,-3.0037857e-08,0.0,3.0037857e-08,3.1415927,-150.44662,9.022720685605915e-18,-140.44662475585938
234,4.8005666e-07,144.017,5.3705616e-11,0.0,5.3705616e-11,0.0,-205.39961,2.8842913018316876e-23,-195.3996124267578
235,1.261236e-06,378.3708,2.5207092e-10,0.0,2.5207092e-10,0.0,-191.96954,6.353971416532156e-22,-181.96954345703125
236,8.997695e-07,269.93085,-6.800919e-08,0.0,6.800919e-08,3.1415927,-143.34865,4.625241606455583e-17,-133.34864807128906
237,8.460933e-07,253.82799,-3.8413116e-08,0.0,3.8413116e-08,3.1415927,-148.31041,1.4755661357027184e-17,-138.31040954589844
238,8.2513424e-07,247.54027,-5.215441e-11,0.0,5.215441e-11,3.1415927,-205.65417,2.7200804380790714e-23,-195.6541748046875
239,1.0374343e-06,311.23032,1.303014e-10,0.0,1.303014e-10,0.0,-197.70102,1.697846646080948e-22,-187.70101928710938
240,4.2780866e-07,128.34259,2.6733886e-07,0.0,2.6733886e-07,0.0,-131.45876,7.14700460509169e-16,-121.45875549316406
241,4.2778527e-07,128.33559,-4.959284e-07,0.0,4.959284e-07,3.1415927,-126.09162,2.459453547735296e-15,-116.09162139892578
242,6.023749e-07,180.71246,-9.2924e-09,0.0,9.2924e-09,3.1415927,-160.63744,8.634882062761826e-19,-150.63743591308594
243,5.442229e-07,163.26688,5.6224834e-09,0.0,5.6224834e-09,0.0,-165.00143,3.161236146993906e-19,-155.00143432617188
244,5.1039063e-07,153.11719,-1.9146507e-08,0.0,1.9146507e-08,3.1415927,-154.3582,3.665897797941589e-18,-144.3582000732422
245,5.4422304e-07,163.2669,5.618802e-09,0.0,5.618802e-09,0.0,-165.00714,3.1570878362219524e-19,-155.00714111328125
246,5.9771617e-07,179.31485,-6.916578e-10,0.0,6.916578e-10,3.1415927,-183.20218,4.7839085998209376e-21,-173.20217895507812
247,4.7212166e-07,141.63649,6.6502245e-08,0.0,6.6502245e-08,0.0,-143.54327,4.422540666477219e-17,-133.54327392578125
248,6.0912345e-07,182.73703,-8.001839e-09,0.0,8.001839e-09,3.1415927,-161.9362,6.402938356025439e-19,-151.9362030029297
249,4.267671e-07,128.03012,-3.145113e-09,0.0,3.145113e-09,3.1415927,-170.04729,9.891717216828059e-20,-160.0472869873047
250,5.4496036e-07,163.48811,-3.8530536e-11,0.0,3.8530536e-11,3.1415927,-208.2839,1.4846015137461145e-23,-198.28390502929688
251,5.547176e-07,166.41528,-3.330092e-08,0.0,3.330092e-08,3.1415927,-149.55087,1.1089509201047235e-17,-139.55087280273438
252,5.8253994e-07,174.76198,1.771613e-06,0.0,1.771613e-06,0.0,-115.03262,3.138610790535956e-14,-105.03262329101562
253,4.28093e-07,128.4279,1.746472e-06,0.0,1.746472e-06,0.0,-115.15677,3.0501663206890933e-14,-105.15676879882812
254,5.8033953e-07,174.10185,-3.20956e-09,0.0,3.20956e-09,3.1415927,-169.87108,1.030129375842913e-19,-159.87107849121094
255,4.2676706e-07,128.03012,6.3812917e-07,0.0,6.3812917e-07,0.0,-123.901825,4.072091412167262e-15,-113.90182495117188
256,5.2633754e-07,157.90126,-1.617362e-10,0.0,1.617362e-10,3.1415927,-195.82385,2.6158569556966127e-22,-185.8238525390625
257,4.4849756e-07,134.54927,-1.7253862e-07,0.0,1.7253862e-07,3.1415927,-135.26227,2.9769600265028946e-16,-125.26226806640625
258,5.5165583e-07,165.49675,-3.090944e-08,0.0,3.090944e-08,3.1415927,-150.19818,9.55394269243237e-18,-140.19818115234375
259,5.289041e-07,158.67122,2.4046635e-08,0.0,2.4046635e-08,0.0,-152.3789,5.7824217884835785e-18,-142.37890625
260,6.0974446e-07,182.92334,-1.0457639e-10,0.0,1.0457639e-10,3.1415927,-199.61133,1.09362374754558e-22,-189.611328125
261,4.3349985e-07,130.04996,9.483921e-08,0.0,9.483921e-08,0.0,-140.46024,8.994472136814984e-17,-130.46023559570312
262,4.2941892e-07,128.82567,3.1995936e-07,0.0,3.1995936e-07,0.0,-129.8981,1.0237407489522557e-15,-119.89810180664062
263,5.4575315e-07,163.72595,5.038198e-10,0.0,5.038198e-10,0.0,-185.9545,2.538344467648006e-21,-175.95449829101562
264,5.207132e-07,156.21396,1.3636552e-09,0.0,1.3636552e-09,0.0,-177.30591,1.8595556545120514e-20,-167.305908203125
265,6.1098564e-07,183.29568,1.769118e-11,0.0,1.769118e-11,0.0,-215.04486,3.12978079234585e-24,-205.04486083984375
266,9.509654e-07,285.2896,1.1497052e-09,0.0,1.1497052e-09,0.0,-178.78827,1.3218246829988648e-20,-168.78826904296875
267,7.8530394e-07,235.59119,-5.3322444e-09,0.0,5.3322444e-09,3.1415927,-165.4618,2.843277742298296e-19,-155.46180725097656
268,1.1178095e-06,335.34283,3.1694765e-09,0.0,3.1694765e-09,0.0,-169.98026,1.0045559239830998e-19,-159.98025512695312
269,5.4496036e-07,163.48811,2.8054926e-12,0.0,2.8054926e-12,0.0,-231.03981,7.870801749869918e-26,-221.03981018066406
270,9.5000615e-07,285.00183,-2.603066e-08,0.0,2.603066e-08,3.1415927,-151.69029,6.775958761978677e-18,-141.69029235839844
271,6.094522e-07,182.83565,-4.0484538e-10,0.0,4.0484538e-10,3.1415927,-187.85422,1.638998808998262e-21,-177.85421752929688
272,4.721217e-07,141.63652,2.198025e-09,0.0,2.198025e-09,0.0,-173.15935,4.8313096032119206e-20,-163.1593475341797
273,5.2715416e-07,158.14624,1.04989e-09,0.0,1.04989e-09,0.0,-179.57712,1.1022696226771239e-20,-169.57711791992188
274,8.74729e-07,262.4187,-6.079257e-08,0.0,6.079257e-08,3.1415927,-144.32298,3.695739413874236e-17,-134.32298278808594
275,3.823333e-07,114.69999,-2.0200353e-06,0.0,2.0200353e-06,3.1415927,-113.89282,4.0805412434424815e-14,-103.892822265625
276,4.4804085e-07,134.41226,-2.7070016e-07,0.0,2.7070016e-07,3.1415927,-131.35023,7.327855139055547e-16,-121.35023498535156
277,4.636671e-07,139.10013,3.2041958e-09,0.0,3.2041958e-09,0.0,-169.88562,1.0266877228833242e-19,-159.8856201171875
278,9.2717175e-07,278.15152,-7.1449213e-10,0.0,7.1449213e-10,3.1415927,-182.92006,5.104984732255791e-21,-172.92005920410156
279,5.303254e-07,159.09763,-3.88659e-09,0.0,3.88659e-09,3.1415927,-168.20862,1.5105606577516278e-19,-158.2086181640625
280,5.563908e-07,166.91724,1.5745999e-09,0.0,1.5745999e-09,0.0,-176.0566,2.479365318672303e-20,-166.0565948486328
281,4.4804085e-07,134.41226,1.4714315e-07,0.0,1.4714315e-07,0.0,-136.6452,2.1651088574105976e-16,-126.64520263671875
282,4.28093e-07,128.4279,1.05252624e-07,0.0,1.05252624e-07,0.0,-139.55534,1.107811892401238e-16,-129.5553436279297
283,5.5520815e-07,166.56244,-7.639554e-09,0.0,7.639554e-09,3.1415927,-162.33864,5.8362808623354015e-19,-152.33863830566406
284,1.0718005e-06,321.54016,2.5857203e-08,0.0,2.5857203e-08,0.0,-151.74837,6.685946208491575e-18,-141.7483673095703
285,5.5557587e-07,166.67276,-5.699909e-10,0.0,5.699909e-10,3.1415927,-184.88264,3.248896854747283e-21,-174.8826446533203
286,5.1353743e-07,154.06123,-4.9982294e-09,0.0,4.9982294e-09,3.1415927,-166.02368,2.4982309819991646e-19,-156.023681640625
287,7.8810945e-07,236.43283,9.895209e-09,0.0,9.895209e-09,0.0,-160.09149,9.791527162331076e-19,-150.09149169921875
288,4.6048385e-07,138.14516,-5.082978e-07,0.0,5.082978e-07,3.1415927,-125.87764,2.583665000219508e-15,-115.87763977050781
289,5.43195e-07,162.9585,-5.7079325e-07,0.0,5.7079325e-07,3.1415927,-124.87042,3.258048704142622e-15,-114.87042236328125
290,4.772921e-07,143.18762,3.4153751e-07,0.0,3.4153751e-07,0.0,-129.33124,1.1664776590258668e-15,-119.33123779296875
291,5.5378877e-07,166.13663,5.168078e-07,0.0,5.168078e-07,0.0,-125.73342,2.6708943589518874e-15,-115.7334213256836
292,5.246282e-07,157.38846,1.5465437e-08,0.0,1.5465437e-08,0.0,-156.21275,2.391801013003205e-18,-146.21275329589844
293,4.9213827e-07,147.64148,-1.912618e-06,0.0,1.912618e-06,3.1415927,-114.36744,3.6581137153723214e-14,-104.36743927001953
294,4.6163663e-07,138.49098,-1.6205571e-07,0.0,1.6205571e-07,3.1415927,-135.80672,2.626205271231665e-16,-125.80671691894531
295,5.2633294e-07,157.89989,2.558069e-07,0.0,2.558069e-07,0.0,-131.84175,6.543717035112839e-16,-121.84175109863281
296,5.433035e-07,162.99104,-8.202148e-09,0.0,8.202148e-09,3.1415927,-161.72144,6.727536436100435e-19,-151.721435546875
297,4.2664973e-07,127.99492,1.3486747e-05,0.0,1.3486747e-05,0.0,-97.401855,1.8189228335324659e-12,-87.40185546875
298,4.9983856e-07,149.95157,2.6265508e-07,0.0,2.6265508e-07,0.0,-131.61227,6.898787423250329e-16,-121.61227416992188
299,4.815302e-07,144.45906,-7.744121e-07,0.0,7.744121e-07,3.1415927,-122.22055,5.9971453089744785e-15,-112.22055053710938
300,4.6125558e-07,138.37668,-3.5742843e-08,0.0,3.5742843e-08,3.1415927,-148.93622,1.2775519183570182e-17,-138.93621826171875
301,5.433035e-07,162.99104,-1.4060295e-07,0.0,1.4060295e-07,3.1415927,-137.04012,1.9769153418874332e-16,-127.04011535644531
302,5.905991e-07,177.17973,-6.5488313e-09,0.0,6.5488313e-09,3.1415927,-163.67673,4.288723388464603e-19,-153.67672729492188
303,3.7738462e-07,113.215385,-4.573706e-06,0.0,4.573706e-06,3.1415927,-106.79463,2.0918793227579086e-13,-96.79463195800781
304,5.790163e-07,173.70488,-2.0232079e-07,0.0,2.0232079e-07,3.1415927,-133.8792,4.0933658622474155e-16,-123.87919616699219
305,5.3162165e-07,159.4865,-7.383491e-07,0.0,7.383491e-07,3.1415927,-122.634766,5.4515955280869804e-15,-112.634765625
306,5.0896375e-07,152.68913,1.2147723e-07,0.0,1.2147723e-07,0.0,-138.3101,1.475669831064308e-16,-128.3101043701172
307,4.3303848e-07,129.91154,-1.018401e-05,0.0,1.018401e-05,3.1415927,-99.84162,1.0371406424652951e-12,-89.84162139892578
308,5.254343e-07,157.6303,6.287411e-10,0.0,6.287411e-10,0.0,-184.03058,3.95314623059207e-21,-174.03057861328125
309,4.781152e-07,143.43457,9.541299e-09,0.0,9.541299e-09,0.0,-160.40785,9.103641696980447e-19,-150.40785217285156
310,5.550446e-07,166.51338,-1.4195316e-08,0.0,1.4195316e-08,3.1415927,-156.9571,2.0150640845577663e-18,-146.9571075439453
311,4.781153e-07,143.43459,9.5345225e-09,0.0,9.5345225e-09,0.0,-160.41403,9.090697354369757e-19,-150.41403198242188
312,5.5425176e-07,166.27553,-4.027552e-08,0.0,4.027552e-08,3.1415927,-147.89919,1.6221129271811855e-17,-137.89918518066406
313,5.2747873e-07,158.24362,7.244618e-08,0.0,7.244618e-08,0.0,-142.7997,5.248435178613849e-17,-132.79969787597656
314,6.0932246e-07,182.79674,3.37637e-09,0.0,3.37637e-09,0.0,-169.431,1.1399873622430513e-19,-159.43099975585938
315,5.259289e-07,157.77867,-5.317058e-09,0.0,5.317058e-09,3.1415927,-165.48657,2.827115408610834e-19,-155.486572265625
316,5.16295e-07,154.8885,7.584435e-07,0.0,7.584435e-07,0.0,-122.401535,5.75236845732751e-15,-112.40153503417969
317,5.25759e-07,157.72769,3.95081e-09,0.0,3.95081e-09,0.0,-168.06627,1.5608914960981825e-19,-158.06626892089844
318,3.8087168e-07,114.261505,7.089435e-06,0.0,7.089435e-06,0.0,-102.98776,5.02601053224e-13,-92.98776245117188
319,5.5445224e-07,166.33568,2.2687795e-08,0.0,2.2687795e-08,0.0,-152.88416,5.147354700376604e-18,-142.8841552734375
320,5.1748304e-07,155.24492,4.3532646e-07,0.0,4.3532646e-07,0.0,-127.2237,1.895094129704595e-15,-117.22370147705078
321,5.114339e-07,153.43016,5.7656063e-08,0.0,5.7656063e-08,0.0,-144.7831,3.3242248075080895e-17,-134.78309631347656
322,5.5266975e-07,165.80092,1.0355716e-09,0.0,1.0355716e-09,0.0,-179.69638,1.0724108259446604e-20,-169.69638061523438
323,5.637451e-07,169.12354,-5.654781e-09,0.0,5.654781e-09,3.1415927,-164.95169,3.197652773461553e-19,-154.95169067382812
324,4.7904524e-07,143.71358,-2.66078e-09,0.0,2.66078e-09,3.1415927,-171.49982,7.079743866317891e-20,-161.49981689453125
325,5.286165e-07,158.58495,-1.8562716e-08,0.0,1.8562716e-08,3.1415927,-154.62717,3.4457434711154478e-18,-144.62716674804688
326,4.930502e-07,147.91507,-5.7073146e-09,0.0,5.7073146e-09,3.1415927,-164.87137,3.257340575499731e-19,-154.87136840820312
327,4.279023e-07,128.3707,-1.457534e-07,0.0,1.457534e-07,3.1415927,-136.72763,2.1244040273858022e-16,-126.72763061523438
328,5.62855e-07,168.8565,-1.8038727e-07,0.0,1.8038727e-07,3.1415927,-134.87589,3.2539517116558715e-16,-124.87588500976562
329,5.655088e-07,169.65263,-9.727712e-08,0.0,9.727712e-08,3.1415927,-140.23978,9.462866798267832e-17,-130.23977661132812
330,9.094412e-07,272.83237,-6.973014e-09,0.0,6.973014e-09,3.1415927,-163.13158,4.862302574424119e-19,-153.13157653808594
331,5.557972e-07,166.73917,-2.1553655e-10,0.0,2.1553655e-10,3.1415927,-193.32959,4.6455995989271315e-22,-183.32958984375
332,6.1199e-07,183.597,-1.6970386e-10,0.0,1.6970386e-10,3.1415927,-195.40617,2.8799370420703573e-22,-185.4061737060547
333,5.2995586e-07,158.98676,-4.7535123e-09,0.0,4.7535123e-09,3.1415927,-166.45972,2.259584980880612e-19,-156.459716796875
334,7.871748e-07,236.15245,7.229177e-07,0.0,7.229177e-07,0.0,-122.81822,5.226100957967782e-15,-112.81822204589844
335,5.283597e-07,158.5079,-1.9182729e-10,0.0,1.9182729e-10,3.1415927,-194.3418,3.679770055849907e-22,-184.341796875
336,1.4855989e-06,445.67966,5.4979608e-09,0.0,5.4979608e-09,0.0,-165.19595,3.022761718055525e-19,-155.19595336914062
337,5.290891e-07,158.72673,2.1734744e-08,0.0,2.1734744e-08,0.0,-153.25691,4.723987946440326e-18,-143.2569122314453
338,5.2750516e-07,158.25156,-2.1193586e-07,0.0,2.1193586e-07,3.1415927,-133.47592,4.491668017919377e-16,-123.47592163085938
339,4.7085715e-07,141.25714,-1.860119e-07,0.0,1.860119e-07,3.1415927,-134.60919,3.460035886514027e-16,-124.60919189453125
340,4.6355905e-07,139.06772,-2.745367e-09,0.0,2.745367e-09,3.1415927,-171.228,7.537044205619297e-20,-161.22799682617188
341,5.519627e-07,165.58882,1.1788739e-08,0.0,1.1788739e-08,0.0,-158.57065,1.3897439758012338e-18,-148.57064819335938
342,6.109857e-07,183.29572,1.7682878e-11,0.0,1.7682878e-11,0.0,-215.04895,3.126840510536865e-24,-205.0489501953125
343,4.796359e-07,143.89078,-2.3814303e-08,0.0,2.3814303e-08,3.1415927,-152.46324,5.671206527945211e-18,-142.46324157714844
344,5.4066237e-07,162.19872,6.441033e-08,0.0,6.441033e-08,0.0,-143.82089,4.148684326718063e-17,-133.82089233398438
345,4.3544512e-07,130.63353,1.086686e-07,0.0,1.086686e-07,0.0,-139.27792,1.1808846306674784e-16,-129.27792358398438
346,5.128932e-07,153.86797,1.6839913e-08,0.0,1.6839913e-08,0.0,-155.4732,2.8358201920882477e-18,-145.47320556640625
347,1.212836e-06,363.8508,6.88371e-11,0.0,6.88371e-11,0.0,-203.24355,4.7385539823974545e-23,-193.24354553222656
348,4.2780863e-07,128.34259,-2.9713588e-08,0.0,2.9713588e-08,3.1415927,-150.5409,8.828997467687834e-18,-140.5408935546875
349,5.2872e-07,158.61601,-2.10267e-08,0.0,2.10267e-08,3.1415927,-153.54459,4.4212199899112166e-18,-143.54458618164062
350,1.1946763e-06,358.4029,3.818846e-10,0.0,3.818846e-10,0.0,-188.36136,1.4583579920738095e-21,-178.36135864257812
351,5.971416e-07,179.14247,-4.8166426e-09,0.0,4.8166426e-09,3.1415927,-166.34512,2.320000443363895e-19,-156.34512329101562
352,4.7078746e-07,141.23624,1.357933e-08,0.0,1.357933e-08,0.0,-157.34244,1.8439816271858738e-18,-147.34243774414062
353,5.563008e-07,166.89024,-2.0381767e-09,0.0,2.0381767e-09,3.1415927,-173.81516,4.154172122075196e-20,-163.81515502929688
354,5.439614e-07,163.18842,2.5666447e-08,0.0,2.5666447e-08,0.0,-151.81268,6.587661848878943e-18,-141.81268310546875
355,4.799634e-07,143.98901,-2.4619171e-09,0.0,2.4619171e-09,3.1415927,-172.17453,6.061037983981306e-20,-162.17453002929688
356,5.5187195e-07,165.56158,-1.2667087e-08,0.0,1.2667087e-08,3.1415927,-157.94646,1.6045553362557422e-18,-147.9464569091797
357,4.2873506e-07,128.62051,-6.066446e-08,0.0,6.066446e-08,3.1415927,-144.34131,3.680174190851703e-17,-134.34130859375
358,5.613036e-07,168.39107,5.258841e-09,0.0,5.258841e-09,0.0,-165.5822,2.765540859294211e-19,-155.5821990966797
359,4.7075082e-07,141.22525,-2.4332945e-07,0.0,2.4332945e-07,3.1415927,-132.27611,5.920922825754314e-16,-122.27610778808594
360,1.1933461e-06,358.0038,-8.728629e-10,0.0,8.728629e-10,3.1415927,-181.18109,7.618881933445341e-21,-171.18109130859375
361,4.6174512e-07,138.52353,2.0833454e-07,0.0,2.0833454e-07,0.0,-133.62477,4.3403294353268394e-16,-123.62477111816406
362,9.7855e-07,293.565,3.060387e-08,0.0,3.060387e-08,0.0,-150.28447,9.365992368009296e-18,-140.2844696044922
363,5.2790074e-07,158.37022,2.3097486e-09,0.0,2.3097486e-09,0.0,-172.72871,5.334933026168576e-20,-162.7287139892578
364,5.1079434e-07,153.2383,-2.5960823e-08,0.0,2.5960823e-08,3.1415927,-151.71362,6.7396612495192375e-18,-141.713623046875
365,4.3522545e-07,130.56763,-5.360463e-08,0.0,5.360463e-08,3.1415927,-145.41595,2.873456041419767e-17,-135.41595458984375
366,5.3889534e-07,161.6686,-9.685346e-07,0.0,9.685346e-07,3.1415927,-120.2777,9.380565477222578e-15,-110.27770233154297
367,6.217721e-07,186.53162,5.254098e-09,0.0,5.254098e-09,0.0,-165.59004,2.760553477188399e-19,-155.5900421142578
368,5.4339574e-07,163.01872,9.641684e-09,0.0,9.641684e-09,0.0,-160.31694,9.296203139728197e-19,-150.3169403076172
369,9.99066e-07,299.7198,2.2686953e-08,0.0,2.2686953e-08,0.0,-152.88448,5.146970474982073e-18,-142.8844757080078
370,4.3338432e-07,130.01529,-1.07687825e-07,0.0,1.07687825e-07,3.1415927,-139.35667,1.1596660582920642e-16,-129.35667419433594
371,9.140558e-07,274.21674,1.3763883e-08,0.0,1.3763883e-08,0.0,-157.22517,1.894449363923806e-18,-147.2251739501953
372,1.0864484e-06,325.9345,2.3913676e-08,0.0,2.3913676e-08,0.0,-152.42708,5.718627138101651e-18,-142.4270782470703
373,5.2656355e-07,157.96907,1.8089177e-10,0.0,1.8089177e-10,0.0,-194.85162,3.2721806460338457e-22,-184.85162353515625
374,3.78437e-07,113.5311,-6.8712543e-06,0.0,6.8712543e-06,3.1415927,-103.25928,4.721415858104094e-13,-93.25927734375
375,5.6346323e-07,169.03897,2.9529057e-08,0.0,2.9529057e-08,0.0,-150.595,8.719673969210375e-18,-140.59500122070312
376,5.445433e-07,163.36299,-1.5249114e-08,0.0,1.5249114e-08,3.1415927,-156.33511,2.325355869143505e-18,-146.33511352539062
377,4.341313e-07,130.2394,-2.1617072e-07,0.0,2.1617072e-07,3.1415927,-133.30406,4.672978596652712e-16,-123.30406188964844
378,5.5491256e-07,166.47377,-1.6212831e-09,0.0,1.6212831e-09,3.1415927,-175.80283,2.6285592974910322e-20,-165.80282592773438
379,9.4995363e-07,284.98608,2.6098679e-08,0.0,2.6098679e-08,0.0,-151.66763,6.811404691997493e-18,-141.66763305664062
380,5.2061694e-07,156.18507,-1.9392927e-09,0.0,1.9392927e-09,3.1415927,-174.24713,3.760857434329035e-20,-164.24713134765625
381,4.999387e-07,149.98161,-2.3650917e-07,0.0,2.3650917e-07,3.1415927,-132.52304,5.593658411692814e-16,-122.52304077148438
382,5.3171584e-07,159.51476,7.090241e-07,0.0,7.090241e-07,0.0,-122.986786,5.0271473182178505e-15,-112.98678588867188
383,5.970578e-07,179.11734,4.9348947e-09,0.0,4.9348947e-09,0.0,-166.13443,2.435323379426624e-19,-156.13442993164062
384,4.819739e-07,144.59218,-6.466304e-07,0.0,6.466304e-07,3.1415927,-123.78688,4.1813078403862315e-15,-113.78688049316406
385,5.9640166e-07,178.9205,1.3895312e-08,0.0,1.3895312e-08,0.0,-157.14262,1.930803124664899e-18,-147.1426239013672
386,7.848963e-07,235.46889,8.081831e-07,0.0,8.081831e-07,0.0,-121.84981,6.531600228802366e-15,-111.84980773925781
387,4.694429e-07,140.83287,8.507745e-07,0.0,8.507745e-07,0.0,-121.40372,7.238168431864065e-15,-111.40371704101562
388,4.7078743e-07,141.23622,-3.8621e-07,0.0,3.8621e-07,3.1415927,-128.26353,1.4915812920389209e-15,-118.26353454589844
389,4.6279044e-07,138.83713,-4.3435247e-08,0.0,4.3435247e-08,3.1415927,-147.24316,1.8866196444766546e-17,-137.2431640625
390,4.7841127e-07,143.52338,8.753524e-08,0.0,8.753524e-08,0.0,-141.15634,7.66240430116123e-17,-131.15634155273438
391,4.276916e-07,128.30748,-3.8526318e-07,0.0,3.8526318e-07,3.1415927,-128.28485,1.4842754211106157e-15,-118.28485107421875
392,5.630534e-07,168.91602,8.9918075e-08,0.0,8.9918075e-08,0.0,-140.92307,8.085257706809358e-17,-130.92306518554688
393,5.6243624e-07,168.73087,-9.825525e-08,0.0,9.825525e-08,3.1415927,-140.15288,9.654118235079482e-17,-130.1528778076172
394,5.0112607e-07,150.33781,4.341998e-08,0.0,4.341998e-08,0.0,-147.24622,1.8852943356992222e-17,-137.2462158203125
395,5.438693e-07,163.1608,-2.6344887e-08,0.0,2.6344887e-08,3.1415927,-151.58607,6.940528412797633e-18,-141.58607482910156
396,7.7914285e-07,233.74286,8.3793725e-07,0.0,8.3793725e-07,0.0,-121.53577,7.021390677805061e-15,-111.5357666015625
397,6.0839807e-07,182.51942,-1.0882818e-08,0.0,1.0882818e-08,3.1415927,-159.26517,1.1843566840655422e-18,-149.26516723632812
398,4.2664973e-07,127.99492,1.7565365e-07,0.0,1.7565365e-07,0.0,-135.10686,3.0854186249318675e-16,-125.10685729980469
399,7.594027e-07,227.82082,1.6434855e-07,0.0,1.6434855e-07,0.0,-135.68468,2.7010456613797067e-16,-125.68467712402344
400,5.505611e-07,165.16832,-7.403673e-08,0.0,7.403673e-08,3.1415927,-142.61105,5.4814496410643217e-17,-132.61105346679688
401,4.27976e-07,128.3928,-1.9284066e-06,0.0,1.9284066e-06,3.1415927,-114.29603,3.718761613208908e-14,-104.29602813720703
402,5.542412e-07,166.27235,9.275728e-09,0.0,9.275728e-09,0.0,-160.65305,8.603916556530903e-19,-150.65304565429688
403,5.432871e-07,162.98613,5.667046e-07,0.0,5.667046e-07,0.0,-124.93286,3.2115438424812825e-15,-114.932861328125
404,5.444196e-07,163.32588,-2.0415514e-09,0.0,2.0415514e-09,3.1415927,-173.8008,4.16793304704684e-20,-163.80079650878906
405,4.6240683e-07,138.72205,-1.0604969e-08,0.0,1.0604969e-08,3.1415927,-159.4898,1.1246559573302931e-18,-149.48980712890625
406,4.2664973e-07,127.99492,-4.8661936e-11,0.0,4.8661936e-11,3.1415927,-206.25623,2.367980892731449e-23,-196.2562255859375
407,5.917257e-07,177.51772,-1.6240078e-09,0.0,1.6240078e-09,3.1415927,-175.78824,2.6374054448426613e-20,-165.78823852539062
408,5.262425e-07,157.87276,1.09295385e-10,0.0,1.09295385e-10,0.0,-199.22797,1.1945483398401491e-22,-189.22796630859375
409,5.444513e-07,163.3354,1.8046487e-08,0.0,1.8046487e-08,0.0,-154.87215,3.256754001047854e-18,-144.8721466064453
410,4.795315e-07,143.85945,2.1127862e-08,0.0,2.1127862e-08,0.0,-153.5029,4.4638512243209745e-18,-143.50289916992188
411,4.6059253e-07,138.17776,7.574355e-07,0.0,7.574355e-07,0.0,-122.41309,5.737091794607305e-15,-112.41309356689453
412,5.264281e-07,157.92844,-3.3356253e-07,0.0,3.3356253e-07,3.1415927,-129.53645,1.112639080228081e-15,-119.53645324707031
413,5.005023e-07,150.1507,5.3247766e-09,0.0,5.3247766e-09,0.0,-165.47397,2.835322074263126e-19,-155.47396850585938
414,4.472051e-07,134.16153,9.109259e-07,0.0,9.109259e-07,0.0,-120.81033,8.297863400086661e-15,-110.81033325195312
415,5.276637e-07,158.2991,-1.1852964e-07,0.0,1.1852964e-07,3.1415927,-138.52347,1.404926433403017e-16,-128.52346801757812
416,6.074386e-07,182.23158,3.254144e-09,0.0,3.254144e-09,0.0,-169.75127,1.0589458280683316e-19,-159.7512664794922
417,4.730661e-07,141.91983,5.8605267e-09,0.0,5.8605267e-09,0.0,-164.64127,3.4345782389059953e-19,-154.64126586914062
418,6.2310386e-07,186.93115,-6.5330197e-10,0.0,6.5330197e-10,3.1415927,-183.69772,4.268035875994465e-21,-173.69772338867188
419,5.328417e-07,159.85251,-7.492553e-10,0.0,7.492553e-10,3.1415927,-182.5074,5.6138389416758505e-21,-172.5074005126953
420,5.803583e-07,174.10748,2.901015e-09,0.0,2.901015e-09,0.0,-170.749,8.415895172123332e-20,-160.74899291992188
421,4.28093e-07,128.4279,-8.656252e-10,0.0,8.656252e-10,3.1415927,-181.25339,7.493081817884091e-21,-171.25338745117188
422,5.4562844e-07,163.68854,9.176341e-09,0.0,9.176341e-09,0.0,-160.74661,8.42051665605506e-19,-150.74661254882812
423,5.196882e-07,155.90645,1.0728257e-10,0.0,1.0728257e-10,0.0,-199.38942,1.1509542453869532e-22,-189.38941955566406
424,4.7157027e-07,141.47108,4.733019e-08,0.0,4.733019e-08,0.0,-146.49722,2.2401491936563057e-17,-136.49722290039062
425,4.2885182e-07,128.65555,3.658232e-08,0.0,3.658232e-08,0.0,-148.73457,1.3382678852170842e-17,-138.7345733642578
426,5.117192e-07,153.51575,-3.2429712e-09,0.0,3.2429712e-09,3.1415927,-169.78113,1.0516877705575763e-19,-159.7811279296875
427,5.1141603e-07,153.4248,-2.2492492e-09,0.0,2.2492492e-09,3.1415927,-172.95926,5.059118698200719e-20,-162.95925903320312
428,5.273702e-07,158.21106,3.6922423e-11,0.0,3.6922423e-11,0.0,-208.65419,1.3632660290531654e-23,-198.65419006347656
429,4.8065283e-07,144.19585,4.898226e-09,0.0,4.898226e-09,0.0,-166.19922,2.3992603726708434e-19,-156.19921875
430,8.8987207e-07,266.9616,-3.505262e-09,0.0,3.505262e-09,3.1415927,-169.10559,1.228687102549849e-19,-159.1055908203125
431,6.0245804e-07,180.73741,9.059846e-09,0.0,9.059846e-09,0.0,-160.85757,8.208083750054371e-19,-150.85757446289062
432,5.8365896e-07,175.09769,8.40122e-08,0.0,8.40122e-08,0.0,-141.51315,7.058042984572837e-17,-131.51315307617188
433,5.187595e-07,155.62785,7.9574484e-08,0.0,7.9574484e-08,0.0,-141.98453,6.332103323295889e-17,-131.98452758789062
434,4.3539504e-07,130.61852,5.990091e-07,0.0,5.990091e-07,0.0,-124.45133,3.588126432259309e-15,-114.45133209228516
435,1.0873513e-06,326.20538,2.4026068e-09,0.0,2.4026068e-09,0.0,-172.38634,5.772525787375906e-20,-162.38633728027344
436,8.502283e-07,255.06848,1.7615469e-09,0.0,1.7615469e-09,0.0,-175.0821,3.103050776366763e-20,-165.0821075439453
437,4.933583e-07,148.00749,1.4956312e-09,0.0,1.4956312e-09,0.0,-176.50351,2.236914803723889e-20,-166.50350952148438
438,6.0767593e-07,182.30278,-1.0152092e-09,0.0,1.0152092e-09,3.1415927,-179.8689,1.0306497564587398e-20,-169.868896484375
439,6.112655e-07,183.37964,3.0215646e-11,0.0,3.0215646e-11,0.0,-210.39536,9.129867487079086e-24,-200.39535522460938
440,5.3297737e-07,159.8932,9.86438e-08,0.0,9.86438e-08,0.0,-140.11859,9.730610604172466e-17,-130.11859130859375
441,4.741764e-07,142.25291,-9.792891e-07,0.0,9.792891e-07,3.1415927,-120.18178,9.590074841561193e-15,-110.18177795410156
442,5.210167e-07,156.30501,1.1005031e-08,0.0,1.1005031e-08,0.0,-159.16818,1.211103879365174e-18,-149.16818237304688
443,5.196882e-07,155.90645,-2.7531378e-08,0.0,2.7531378e-08,3.1415927,-151.20345,7.579766972733713e-18,-141.2034454345703
444,5.108924e-07,153.26772,2.5658311e-08,0.0,2.5658311e-08,0.0,-151.81544,6.5834680431732995e-18,-141.81544494628906
445,6.0753e-07,182.259,-6.6867567e-10,0.0,6.6867567e-10,3.1415927,-183.4957,4.4712678517089214e-21,-173.49569702148438
446,6.0284646e-07,180.85394,-4.1072483e-09,0.0,4.1072483e-09,3.1415927,-167.72897,1.6869503317830547e-19,-157.72897338867188
447,5.294053e-07,158.8216,1.0518373e-09,0.0,1.0518373e-09,0.0,-179.56102,1.1063629550189109e-20,-169.56101989746094
448,6.133627e-07,184.00882,9.275076e-09,0.0,9.275076e-09,0.0,-160.65366,8.60270783886081e-19,-150.65365600585938
449,5.1100363e-07,153.30109,2.826076e-09,0.0,2.826076e-09,0.0,-170.97632,7.986721558588144e-20,-160.976318359375
450,5.9311213e-07,177.93364,-3.9361797e-10,0.0,3.9361797e-10,3.1415927,-188.09851,1.5493491721191888e-21,-178.0985107421875
451,5.016796e-07,150.50388,8.6665514e-10,0.0,8.6665514e-10,0.0,-181.24307,7.510906590732328e-21,-171.24307250976562
452,6.2306515e-07,186.91954,-1.100446e-09,0.0,1.100446e-09,3.1415927,-179.16862,1.2109815115644787e-20,-169.1686248779297
453,5.184738e-07,155.54214,2.1916907e-08,0.0,2.1916907e-08,0.0,-153.18442,4.803508954628111e-18,-143.18441772460938
454,3.7977125e-07,113.93137,-7.462216e-07,0.0,7.462216e-07,3.1415927,-122.54265,5.568460663819656e-15,-112.54264831542969
455,5.460625e-07,163.81874,-4.519382e-10,0.0,4.519382e-10,3.1415927,-186.89842,2.0424797807328345e-21,-176.89842224121094
456,6.0753e-07,182.259,-6.6857747e-10,0.0,6.6857747e-10,3.1415927,-183.49698,4.469952359885149e-21,-173.49697875976562
457,5.0084736e-07,150.25421,1.1587986e-09,0.0,1.1587986e-09,0.0,-178.71985,1.3428129370139774e-20,-168.7198486328125
458,1.0677638e-06,320.32916,4.3471587e-08,0.0,4.3471587e-08,0.0,-147.23589,1.8897791435443622e-17,-137.2358856201172
459,5.178319e-07,155.34956,-5.076222e-07,0.0,5.076222e-07,3.1415927,-125.88919,2.5768036098302747e-15,-115.88919067382812
460,5.187454e-07,155.62363,-1.6254173e-08,0.0,1.6254173e-08,3.1415927,-155.7807,2.6419848911971653e-18,-145.78070068359375
461,5.4589606e-07,163.76881,-8.75026e-11,0.0,8.75026e-11,3.1415927,-201.15958,7.656719287043694e-23,-191.15957641601562
