path_id,delay_s,delay_ns,distance_m,real_coeff,imag_coeff,magnitude,phase_rad,phase_deg,channel_path_gain,channel_path_gain_db
0,5.526242716769048e-07,552.624267578125,165.7872772216797,-6.146730902045761e-10,-7.693614634263213e-10,9.847538340324036e-10,-2.2448902130126953,-128.6227264404297,9.697401246452901e-19,-180.13343811035156
1,4.944560032527079e-07,494.45599365234375,148.33680725097656,-1.91464820886722e-07,2.374674323846193e-08,1.929318074189723e-07,3.0181961059570312,172.9298858642578,3.722268329610541e-14,-134.29193115234375
2,8.43424402319215e-07,843.4243774414062,253.02731323242188,3.5955796673370344e-10,-1.7769709037551706e-09,1.8129830969826344e-09,-1.371148705482483,-78.56102752685547,3.286907629507556e-18,-174.83213806152344
3,5.263375442154938e-07,526.3375244140625,157.90126037597656,-1.61736193882156e-10,9.155518010395269e-10,9.297277392406045e-10,1.7456467151641846,100.01818084716797,8.643936588541984e-19,-180.63287353515625
4,5.557972144742962e-07,555.7972412109375,166.73916625976562,-2.1553654694361768e-10,2.0532147093632602e-09,2.064496795739501e-09,1.6753883361816406,95.99267578125,4.262146954262675e-18,-173.70370483398438
5,4.276915603895759e-07,427.6915588378906,128.30746459960938,-9.970717229634829e-08,-3.3170417523820106e-09,9.97623388343527e-08,-3.108337163925171,-178.09458923339844,9.952524474856044e-15,-140.02066040039062
6,5.188498448660539e-07,518.849853515625,155.6549530029297,2.1174917819166694e-08,3.356547750854588e-08,3.9686504749170126e-08,1.0079984664916992,57.75405502319336,1.5750186960246794e-15,-148.0271453857422
7,5.114338819112163e-07,511.4338684082031,153.43016052246094,-9.10361990236197e-08,1.1813268585569858e-08,9.17994640303732e-08,3.0125491619110107,172.60633850097656,8.427141803661348e-15,-140.74319458007812
8,7.932315497782838e-07,793.2315673828125,237.96946716308594,2.184223024670473e-09,-1.3821925826107417e-09,2.5848183593524254e-09,-0.5641939640045166,-32.325931549072266,6.6812858729204515e-18,-171.75140380859375
9,4.625150893389218e-07,462.51507568359375,138.75453186035156,1.3123034214856943e-08,-3.975872786554646e-08,4.1868489120133745e-08,-1.2519886493682861,-71.7336654663086,1.7529703656056776e-15,-147.562255859375
10,6.027633503435936e-07,602.7633666992188,180.82901000976562,4.393120089929425e-09,4.7485864129726e-09,6.469047519885862e-09,0.8242626190185547,47.226768493652344,4.1848575966494967e-17,-163.78318786621094
11,5.764892989645887e-07,576.4893188476562,172.94679260253906,6.489533799225455e-09,-3.195684827872469e-10,6.49739773095348e-09,-0.04920392856001854,-2.8191773891448975,4.221617833943598e-17,-163.74520874023438
12,1.485598886574735e-06,1485.598876953125,445.6796569824219,5.497960753331199e-09,-2.798655085456403e-09,6.169281974166552e-09,-0.47084954380989075,-26.977689743041992,3.8060039130165347e-17,-164.1953125
13,6.109856371949718e-07,610.9856567382812,183.29568481445312,1.769118011807347e-11,-1.6572586358787333e-10,1.6666745761284574e-10,-1.464449405670166,-83.90676879882812,2.777804005745766e-20,-195.56298828125
14,9.509653864370193e-07,950.9653930664062,285.28961181640625,1.1497052199160862e-09,-1.5380290374622518e-09,1.9202488488190284e-09,-0.928885281085968,-53.2212028503418,3.687355690211827e-18,-174.33285522460938
15,6.091234467930917e-07,609.1234741210938,182.73703002929688,-8.001839191251747e-09,-3.1710563064279995e-09,8.607266011040338e-09,-2.7642879486083984,-158.38201904296875,7.408502866499303e-17,-161.30270385742188
16,5.286165105644614e-07,528.6165161132812,158.58494567871094,-1.856271580891189e-08,-1.5872286596163576e-08,2.4423428612863063e-08,-2.43416690826416,-139.4674835205078,5.965038419229686e-16,-152.24386596679688
17,5.287200224302069e-07,528.7200317382812,158.6160125732422,-2.1027453556143882e-08,4.8985498324327637e-08,5.330790386892659e-08,1.9762686491012573,113.23184967041016,2.841732645841844e-15,-145.46417236328125
18,5.918103624935611e-07,591.8103637695312,177.54310607910156,1.81655002151615e-09,-3.99630994962763e-09,4.389800078996586e-09,-1.1441594362258911,-65.55550384521484,1.927034531153138e-17,-167.15110778808594
19,5.283596919980482e-07,528.3596801757812,158.50790405273438,-1.918272901635376e-10,1.642033384263719e-11,1.9252879845943482e-10,3.056201219558716,175.107421875,3.7067339728739247e-20,-194.31008911132812
20,5.628550070468918e-07,562.85498046875,168.85650634765625,-1.8038727489511075e-07,3.0098152592472616e-07,3.5089806260657497e-07,2.1107230186462402,120.93551635742188,1.2312945259738972e-13,-129.0963897705078
21,5.389882744566421e-07,538.98828125,161.6964874267578,1.0108874448633287e-06,-8.876590982254129e-07,1.3453000065055676e-06,-0.7205824255943298,-41.28633117675781,1.8098321235768267e-12,-117.42362213134766
22,5.195917083256063e-07,519.5917358398438,155.8775177001953,3.255643932220664e-08,7.667081547424459e-08,8.329667622319903e-08,1.1692423820495605,66.9926528930664,6.9383361327114614e-15,-141.5874481201172
23,5.637451181428332e-07,563.7451171875,169.12353515625,-5.654781087827132e-09,-2.455710479409845e-08,2.519975872417035e-08,-1.7971217632293701,-102.96748352050781,6.350278532761598e-16,-151.97207641601562
24,4.279760048575554e-07,427.97601318359375,128.39280700683594,-1.6107499334339082e-07,8.014403363176825e-08,1.7991170864206651e-07,2.679901123046875,153.54701232910156,3.236822227891019e-14,-134.89881896972656
25,6.109856940383906e-07,610.9857177734375,183.29571533203125,1.7682877731517443e-11,-1.6572948569049117e-10,1.6667017765925607e-10,-1.4645012617111206,-83.90973663330078,2.7778948017426906e-20,-195.56283569335938
26,4.334998493504827e-07,433.4998474121094,130.04995727539062,9.483920848651906e-08,1.5835092881388846e-07,1.8457923545156518e-07,1.0311728715896606,59.081851959228516,3.406949472973403e-14,-134.6763458251953
27,5.406623699855118e-07,540.662353515625,162.19871520996094,6.441032951443049e-08,-3.8835903382050674e-08,7.521248335251585e-08,-0.5425823330879211,-31.087675094604492,5.656917585050844e-15,-142.4741973876953
28,4.708571452738397e-07,470.8571472167969,141.25714111328125,-1.8601190276967827e-07,2.850284204214404e-07,3.4035517160191375e-07,2.149003028869629,123.12879943847656,1.158416488818495e-13,-129.36135864257812
29,7.871748266552459e-07,787.1748046875,236.15245056152344,7.229177185763547e-07,-8.634075356894755e-07,1.1260917744948529e-06,-0.8737307786941528,-50.06108474731445,1.2680826440986115e-12,-118.96852111816406
30,5.303253942656738e-07,530.3253784179688,159.09762573242188,-3.8865901608176046e-09,1.4879174559112585e-09,4.16166834327214e-09,2.7759718894958496,159.0514678955078,1.7319482850216917e-17,-167.61465454101562
31,9.512842211734096e-07,951.2842407226562,285.38525390625,-1.5791113971985737e-09,-1.8093896381188301e-09,2.4015585076142543e-09,-2.2883400917053223,-131.1122283935547,5.767483320211177e-18,-172.39013671875
32,5.299558551996597e-07,529.9558715820312,158.98675537109375,-4.7535122504882565e-09,1.3333165682638537e-09,4.936963726720478e-09,2.868128776550293,164.3316650390625,2.4373611285258908e-17,-166.1308135986328
33,6.119900035628234e-07,611.989990234375,183.5970001220703,-1.697038620740443e-10,4.9298898296967764e-11,1.7671950014452875e-10,2.858874559402466,163.8014373779297,3.122978074311048e-20,-195.05430603027344
34,5.519627279682027e-07,551.9627075195312,165.5888214111328,1.178873887397458e-08,1.375687475047016e-08,1.8117008337981133e-08,0.8622902631759644,49.40559005737305,3.2822598174509063e-16,-154.83827209472656
35,7.808543500686937e-07,780.8543701171875,234.2563018798828,1.8409503921290593e-09,-9.68311431037705e-10,2.0800781097563004e-09,-0.4842184782028198,-27.74367332458496,4.32672494468469e-18,-173.63839721679688
36,5.525704409592436e-07,552.5704345703125,165.77113342285156,1.4370061585111671e-08,-7.545851055112962e-09,1.6230789157134495e-08,-0.483532577753067,-27.704374313354492,2.6343852272219773e-16,-155.793212890625
37,5.107657443659264e-07,510.7657470703125,153.22972106933594,3.215380388610356e-07,5.975945072123068e-09,3.215935748812626e-07,0.018583359196782112,1.0647480487823486,1.0342242470415264e-13,-129.85385131835938
38,4.718380068879924e-07,471.8380126953125,141.55140686035156,3.9392751283173766e-09,-4.606521386563145e-08,4.6233342487767004e-08,-1.4854886531829834,-85.11222839355469,2.1375219472305907e-15,-146.70089721679688
39,5.522004471458786e-07,552.200439453125,165.66014099121094,-3.121634339908752e-10,-1.6543416636594088e-10,3.532909242931481e-10,-2.6542651653289795,-152.07818603515625,1.248144717002569e-19,-189.03733825683594
40,4.718395132385922e-07,471.8395080566406,141.55184936523438,-1.2229082813064451e-06,-9.641892120271223e-07,1.5572943539154949e-06,-2.47394061088562,-141.74635314941406,2.4251657539803295e-12,-116.15258026123047
41,5.825399398418085e-07,582.5399169921875,174.76197814941406,1.7716130287226406e-06,5.529111035684764e-07,1.8558888541519991e-06,0.3025156259536743,17.332868576049805,3.444323385531911e-12,-114.62896728515625
42,1.000395968731027e-06,1000.39599609375,300.1188049316406,8.352603053651819e-10,1.466680998873926e-08,1.4690574090536757e-08,1.5139087438583374,86.7405776977539,2.1581297029719162e-16,-156.6592254638672
43,5.114338819112163e-07,511.4338684082031,153.43016052246094,5.765606303498316e-08,-1.1625841622731059e-08,5.881651077288552e-08,-0.19897319376468658,-11.400323867797852,3.459381871199628e-15,-144.61001586914062
44,6.102352472225903e-07,610.2352294921875,183.07057189941406,-1.3142946453381654e-10,6.305064803591165e-10,6.440591393541695e-10,1.7763041257858276,101.77472686767578,4.1481218128822537e-19,-183.8214874267578
45,5.526697464119934e-07,552.6697387695312,165.80091857910156,1.035571628449361e-09,-2.260067022419321e-09,2.4860231651047116e-09,-1.1411409378051758,-65.38255310058594,6.180311379553223e-18,-172.08990478515625
46,5.563907734540408e-07,556.3907470703125,166.917236328125,1.574599894915707e-09,8.099438453257335e-09,8.251076266674318e-09,1.3787829875946045,78.99844360351562,6.808025990067459e-17,-161.66978454589844
47,1.1946763152081985e-06,1194.67626953125,358.40289306640625,3.8188460727006657e-10,-1.743160893408202e-10,4.1978800990882803e-10,-0.4282153248786926,-24.534929275512695,1.7622197608692881e-19,-187.53939819335938
48,4.3424662976576656e-07,434.24664306640625,130.27398681640625,2.6719919787865365e-07,-7.391358849417884e-07,7.859499078222143e-07,-1.2239115238189697,-70.12496185302734,6.177172488797122e-13,-122.09210205078125
49,5.323453251548926e-07,532.3453369140625,159.70359802246094,2.6837088284992205e-07,1.042213355617605e-07,2.8789756356673024e-07,0.37042149901390076,21.223587036132812,8.288500636700891e-14,-130.81524658203125
50,4.706612912741548e-07,470.6612854003906,141.19839477539062,9.642586462632607e-08,1.1307062663945544e-07,1.4860320618481637e-07,0.8646829128265381,49.54267883300781,2.2082912958638033e-14,-136.55943298339844
51,5.275051648823137e-07,527.5051879882812,158.25155639648438,-2.1193585553191951e-07,1.9458362032764853e-07,2.8771444249287015e-07,2.3988535404205322,137.44418334960938,8.277960158705258e-14,-130.82077026367188
52,8.747289825805638e-07,874.72900390625,262.418701171875,-6.07925727535985e-08,8.765627512730134e-08,1.0667407934761286e-07,2.1771693229675293,124.74260711669922,1.1379359097802438e-14,-139.43881225585938
53,6.015210942678095e-07,601.5211181640625,180.45632934570312,-2.4124046760221063e-08,-2.6568823585648715e-08,3.588693431311185e-08,-2.30800461769104,-132.23892211914062,1.2878720916857482e-15,-148.90127563476562
54,5.174830448595458e-07,517.4830322265625,155.2449188232422,4.353264557721559e-07,-1.4736002640347579e-08,4.3557579942898883e-07,-0.03383754566311836,-1.9387484788894653,1.897262728867144e-13,-127.21871948242188
55,1.1178094609931577e-06,1117.8094482421875,335.34283447265625,3.169476459063958e-09,4.005307197019192e-09,5.10764808225872e-09,0.9013710021972656,51.644752502441406,2.6088068836228165e-17,-165.8355712890625
56,5.271541567708482e-07,527.1541748046875,158.146240234375,1.0498899527533467e-09,-8.75656006038561e-11,1.053535259032401e-09,-0.08321195840835571,-4.767693996429443,1.1099365885226417e-18,-179.54702758789062
57,4.930502086608612e-07,493.0502014160156,147.91506958007812,-5.707314620906345e-09,8.507478277408609e-09,1.0244541215342906e-08,2.1616954803466797,123.85601806640625,1.0495062471280902e-16,-159.7901611328125
58,4.7157027438515797e-07,471.5702819824219,141.47108459472656,4.733018954539148e-08,3.3964391299434737e-09,4.7451898410599824e-08,0.07163771986961365,4.104538917541504,2.2516827185209204e-15,-146.4749298095703
59,5.531829287974688e-07,553.1829223632812,165.9548797607422,-2.156029799138537e-09,-2.486854722150156e-09,3.2913387570943087e-09,-2.2850606441497803,-130.92431640625,1.0832911157588385e-17,-169.65255737304688
60,9.094412121157802e-07,909.4412231445312,272.8323669433594,-6.973014166078428e-09,1.7301376997735929e-09,7.184448591601722e-09,2.8983850479125977,166.06521606445312,5.161630183388044e-17,-162.87213134765625
61,5.128932230036298e-07,512.8932495117188,153.8679656982422,1.6839912575505878e-08,1.0892349244784327e-09,1.6875103980851236e-08,0.06459176540374756,3.7008352279663086,2.8476914167466596e-16,-155.455078125
62,1.0718005114540574e-06,1071.800537109375,321.5401611328125,2.58572026012871e-08,4.71798280443636e-08,5.3800846444573835e-08,1.0694465637207031,61.27477264404297,2.89453117405952e-15,-145.38421630859375
63,6.23103858288232e-07,623.1038818359375,186.93115234375,-6.533019680787788e-10,-2.5382347335067834e-09,2.6209616699190974e-09,-1.822712779045105,-104.43374633789062,6.86944009736452e-18,-171.6307830810547
64,8.668720852256229e-07,866.8720703125,260.0616149902344,-5.657069550579763e-07,-2.579936051461118e-07,6.217596819624305e-07,-2.713714599609375,-155.48439025878906,3.8658510529039625e-13,-124.12754821777344
65,8.622970426586107e-07,862.2970581054688,258.6891174316406,1.1062317639698449e-07,2.6246848250366384e-08,1.1369424868235001e-07,0.23295597732067108,13.347393989562988,1.2926381766733587e-14,-138.88522338867188
66,5.441309554043983e-07,544.1309814453125,163.23928833007812,-2.3633064949457605e-10,1.7130437068857418e-09,1.7292688392345212e-09,1.7078903913497925,97.85490417480469,2.9903706177376554e-18,-175.2427520751953
67,5.802531291010382e-07,580.2531127929688,174.07594299316406,4.137711062668359e-09,1.6931464230651727e-08,1.742971988960562e-08,1.3311140537261963,76.2672119140625,3.0379514279633285e-16,-155.1741943359375
68,5.175722890271572e-07,517.572265625,155.2716827392578,1.275246859222534e-07,1.7543197827762924e-07,2.168845867345226e-07,0.9422320127487183,53.98591613769531,4.7038924404912974e-14,-133.27542114257812
69,5.32251249296678e-07,532.251220703125,159.6753692626953,-2.7692215098795714e-07,-8.981601951063567e-08,2.911233423219528e-07,-2.827960729598999,-162.03021240234375,8.475280210713115e-14,-130.7184600830078
70,8.447591426374856e-07,844.7591552734375,253.42774963378906,-3.3216912243005936e-07,-2.716814435643755e-07,4.291236734843551e-07,-2.456031322479248,-140.72021484375,1.8414713113742986e-13,-127.34834289550781
71,5.455365794659883e-07,545.5365600585938,163.66098022460938,-4.834310174395284e-10,1.0116678605953666e-09,1.1212393236093021e-09,2.0165719985961914,115.54106140136719,1.2571776326892245e-18,-179.00604248046875
72,5.286253781378036e-07,528.6253662109375,158.58761596679688,1.8379658683898015e-08,-5.072568498576402e-08,5.3952820877611884e-08,-1.2231757640838623,-70.08280181884766,2.9109068620287873e-15,-145.35971069335938
73,5.09989547481382e-07,509.9895324707031,152.99685668945312,1.270737914893516e-08,-1.2956357098303783e-09,1.2773259783216417e-08,-0.10160819441080093,-5.821720600128174,1.6315616127950317e-16,-157.87396240234375
74,5.451265678857453e-07,545.1265869140625,163.5379638671875,1.0954720464084744e-10,2.3719131103661084e-09,2.3744415322823897e-09,1.524643898010254,87.35565948486328,5.637972478884362e-18,-172.48876953125
75,5.405696583693498e-07,540.5696411132812,162.1708984375,-6.275539021771692e-08,4.295243627439049e-08,7.604702290109344e-08,2.541384696960449,145.61061096191406,5.783149634630731e-15,-142.37835693359375
76,5.177351454221935e-07,517.7351684570312,155.32054138183594,4.328418583554594e-07,-1.3096903330733767e-06,1.3793624020763673e-06,-1.2516053915023804,-71.71170043945312,1.9026405884831066e-12,-117.20642852783203
77,5.802531859444571e-07,580.253173828125,174.07595825195312,4.138160036859517e-09,1.69313683073824e-08,1.7429734100460337e-08,1.3310877084732056,76.26570129394531,3.037956192523657e-16,-155.1741943359375
78,4.2797597643584595e-07,427.9759826660156,128.39279174804688,-1.2251661019035964e-07,-2.038933786252528e-07,2.3787146119502722e-07,-2.1118669509887695,-121.00105285644531,5.6582830868651124e-14,-132.47315979003906
79,5.268906306810095e-07,526.890625,158.0671844482422,9.477585383166343e-10,-2.1142219086556224e-09,2.316933311874436e-09,-1.149375557899475,-65.85436248779297,5.368180077474679e-18,-172.70172119140625
80,1.1457739219622454e-06,1145.77392578125,343.732177734375,-1.5331689695585737e-08,1.0653614168631975e-07,1.0763368152311159e-07,1.7137256860733032,98.18924713134766,1.1585009380033363e-14,-139.3610382080078
81,5.090620902592491e-07,509.0621032714844,152.7186279296875,-1.1259635357419029e-07,-1.2779500480064598e-07,1.703217549220426e-07,-2.2930538654327393,-131.38230895996094,2.9009499473821657e-14,-135.3745880126953
82,5.791027319901332e-07,579.1027221679688,173.73081970214844,2.0054876870290173e-07,2.35732144915346e-09,2.0056261007539433e-07,0.011753814294934273,0.6734439134597778,4.022536088401328e-14,-133.9550018310547
83,4.342163606452232e-07,434.21636962890625,130.26490783691406,-1.3385829333856236e-06,3.016953996848315e-06,3.300578100606799e-06,1.9883878231048584,113.92622375488281,1.0893816231039022e-11,-109.62820434570312
84,4.999387215320894e-07,499.938720703125,149.9816131591797,-2.3650899549920723e-07,-3.845236449251388e-07,4.514365343766258e-07,-2.122223138809204,-121.59442138671875,2.0379494803952208e-13,-126.90806579589844
85,5.433956289380149e-07,543.3956298828125,163.01869201660156,1.6520908729944495e-07,-4.6190683633540175e-07,4.905629111817689e-07,-1.2273070812225342,-70.31951141357422,2.4065198076482497e-13,-126.18610382080078
86,4.287350634513132e-07,428.7350769042969,128.62051391601562,-6.066446189834096e-08,-3.1466609584640537e-07,3.204605150131101e-07,-1.7612496614456177,-100.91217041015625,1.0269493859894202e-13,-129.88450622558594
87,8.498445254190301e-07,849.8445434570312,254.95335388183594,-3.3836647617135895e-07,-2.5364933264881984e-08,3.3931584653146274e-07,-3.066769599914551,-175.71295166015625,1.1513523695636657e-13,-129.38790893554688
88,5.284466624289053e-07,528.4466552734375,158.53399658203125,-6.6562311218376635e-09,3.1804070488306024e-09,7.377018107490585e-09,2.695854902267456,154.4611053466797,5.44203977883209e-17,-162.6423797607422
89,5.970578058622777e-07,597.0578002929688,179.11734008789062,4.9348947150917866e-09,1.3008500943101353e-09,5.103469202794031e-09,0.257739394903183,14.767378807067871,2.6045397897149005e-17,-165.84268188476562
90,5.12795566010027e-07,512.7955932617188,153.8386688232422,-1.707338448397877e-08,-6.338042590758874e-11,1.707350172353017e-08,-3.137880325317383,-179.78729248046875,2.9150445650365654e-16,-155.35354614257812
91,5.163919922779314e-07,516.3919677734375,154.9176025390625,-6.950871807021031e-07,-9.429874694433238e-07,1.1714826086972607e-06,-2.205997943878174,-126.39436340332031,1.372371508968906e-12,-118.62527465820312
92,4.922400194118381e-07,492.2400207519531,147.67201232910156,1.5950349734339397e-06,4.781156349054072e-06,5.040197720518336e-06,1.2487980127334595,71.55084991455078,2.5403592424089183e-11,-105.9510498046875
93,7.910777526376478e-07,791.0777587890625,237.3233184814453,-4.2704670022430946e-07,-4.4138934640614025e-07,6.141607400422799e-07,-2.3396806716918945,-134.05381774902344,3.7719342081167506e-13,-124.23435974121094
94,6.217720738277421e-07,621.7720947265625,186.5316162109375,5.254098045526234e-09,1.3316131308727108e-08,1.4315198804126794e-08,1.1949827671051025,68.46746826171875,2.0492491762560922e-16,-156.88404846191406
95,4.267670590252237e-07,426.7670593261719,128.03012084960938,-1.4394270692719147e-05,1.4733086572960019e-05,2.059754478977993e-05,2.3445627689361572,134.3335418701172,4.242588502734179e-10,-93.72368621826172
96,5.538790901482571e-07,553.8790893554688,166.16372680664062,-5.11806035774498e-07,-9.016646096426939e-09,5.118854460306466e-07,-3.1239771842956543,-178.99069213867188,2.6202670133472494e-13,-125.81654357910156
97,5.914110943194828e-07,591.4110717773438,177.42332458496094,-2.57160598371442e-10,1.3033981671739525e-09,1.3285248456895715e-09,1.765594482421875,101.1611099243164,1.7649782272663935e-18,-177.53262329101562
98,5.446372028927726e-07,544.63720703125,163.3911590576172,2.4940502996173564e-09,-9.05551023056006e-10,2.6533581998222644e-09,-0.3482834994792938,-19.95517349243164,7.04030955572868e-18,-171.52407836914062
99,6.120029638623237e-07,612.0029907226562,183.60089111328125,-1.8037823679151188e-08,-1.1797924059919751e-07,1.1935017596442776e-07,-1.7225112915039062,-98.69261932373047,1.4244464982549054e-14,-138.46353149414062
100,5.446372028927726e-07,544.63720703125,163.3911590576172,4.274908960155699e-08,-1.5522431340286857e-08,4.5480000210318394e-08,-0.34830209612846375,-19.956239700317383,2.0684303167560047e-15,-146.84359741210938
101,5.276637011775165e-07,527.6636962890625,158.29910278320312,-1.18529641213172e-07,5.620901077918461e-08,1.3118204833517666e-07,2.698781728744507,154.62879943847656,1.7208729626298942e-14,-137.6425018310547
102,5.09878077536996e-07,509.8780822753906,152.9634246826172,-4.1316230436905244e-08,-1.449490572014156e-08,4.378508222657729e-08,-2.804180145263672,-160.6676788330078,1.9171335034756784e-15,-147.17347717285156
103,5.444196631287923e-07,544.419677734375,163.32589721679688,-3.507260970536663e-08,9.140006085317509e-08,9.789821575623137e-08,1.9371954202651978,110.99311828613281,9.584060907635687e-15,-140.18450927734375
104,4.26649734208695e-07,426.64971923828125,127.99491882324219,-7.331742040150857e-07,-1.1131174915135489e-06,1.3328821069080732e-06,-2.153240442276001,-123.37158203125,1.77657476403692e-12,-117.50416564941406
105,5.102924660604913e-07,510.29248046875,153.08773803710938,2.0773974540588824e-08,2.261879750165008e-08,3.0711039045172583e-08,0.8278870582580566,47.43443298339844,9.431679045149928e-16,-150.2541046142578
106,4.773969521920662e-07,477.3969421386719,143.21908569335938,-4.189781748209498e-07,1.27242333292088e-06,1.3396282838584739e-06,1.8888906240463257,108.22545623779297,1.7946039619631815e-12,-117.46031951904297
107,5.796430286864052e-07,579.6430053710938,173.89291381835938,2.6067267455687215e-08,5.837479371412213e-12,2.6067267455687215e-08,0.00022393905965145677,0.012830762192606926,6.795024299024901e-16,-151.67808532714844
108,8.884831004252192e-07,888.4830932617188,266.544921875,-5.7359574867632546e-08,7.462350737341694e-09,5.784296064348382e-08,3.012221574783325,172.5875701904297,3.3458080937417457e-15,-144.75498962402344
109,6.063002615519508e-07,606.3002319335938,181.89007568359375,6.446406963789286e-09,7.007362690103491e-09,9.52151690825076e-09,0.827069103717804,47.38756561279297,9.065928630338745e-17,-160.42587280273438
110,5.271157306196983e-07,527.11572265625,158.1347198486328,1.426897444645192e-08,-7.930788825660784e-08,8.058130163135502e-08,-1.3927820920944214,-79.80052947998047,6.493346103321994e-15,-141.8753204345703
111,5.917257794862962e-07,591.7257690429688,177.51773071289062,-1.6239551925423257e-09,4.124091290691467e-09,4.432308298163434e-09,1.9459229707717896,111.4931640625,1.9645357568399646e-17,-167.06739807128906
112,5.441310122478171e-07,544.1310424804688,163.2393035888672,-2.363291506934928e-10,1.7130791230002274e-09,1.729303811259797e-09,1.7078866958618164,97.85469055175781,2.9904915929022413e-18,-175.24258422851562
113,4.925443022330001e-07,492.5443115234375,147.76329040527344,5.83610528792633e-08,3.185724892773578e-07,3.2387413284595823e-07,1.389609932899475,79.61878204345703,1.0489445276999979e-13,-129.79246520996094
114,4.799633757102129e-07,479.96337890625,143.989013671875,2.2524854870198396e-08,1.000216354185568e-08,2.4645737894957165e-08,0.41789495944976807,23.94361686706543,6.074124086737423e-16,-152.1651611328125
115,6.014378755025973e-07,601.4378662109375,180.43136596679688,2.56775933848985e-08,2.554188505143884e-08,3.621776656359543e-08,0.7827486395835876,44.84819030761719,1.3117266570627974e-15,-148.82156372070312
116,5.262425020191586e-07,526.2424926757812,157.8727569580078,1.0929538524218074e-10,-9.33671473468678e-10,9.40046707142983e-10,-1.454266905784607,-83.32334899902344,8.836878017383627e-19,-180.53701782226562
117,5.247236458671978e-07,524.7236328125,157.41709899902344,-1.864786192129486e-08,5.7191140712120614e-08,6.015454090402272e-08,1.885988473892212,108.05917358398438,3.618568796383628e-15,-144.41464233398438
118,4.943548219671356e-07,494.3548278808594,148.3064422607422,1.919440819619922e-07,-3.6212398413226765e-08,1.9533015915840224e-07,-0.18646946549415588,-10.683913230895996,3.815387066073532e-14,-134.1846160888672
119,4.6202993075894483e-07,462.0299377441406,138.60897827148438,-5.2005897366314e-09,6.104045979782313e-08,6.126160201347375e-08,1.655790090560913,94.86978149414062,3.7529840312669396e-15,-144.2562255859375
120,7.31565080513974e-07,731.5650634765625,219.4695281982422,-2.3576473040520796e-07,-4.465119047836197e-07,5.049335527473886e-07,-2.05660343170166,-117.8346939086914,2.5495789290549964e-13,-125.93531799316406
121,4.7078745524231635e-07,470.7874450683594,141.23623657226562,1.3579329660728945e-08,3.3695936707545115e-08,3.632925071883619e-08,1.1877098083496094,68.0507583618164,1.3198144452805367e-15,-148.7948760986328
122,5.098187330077053e-07,509.8187255859375,152.94561767578125,9.14681486108293e-09,5.435757177707501e-09,1.0640097691805295e-08,0.5362020134925842,30.722110748291016,1.13211684107821e-16,-159.46109008789062
123,4.2797597643584595e-07,427.9759826660156,128.39279174804688,-1.9283497749711387e-06,-2.0669217519753147e-06,2.826782292686403e-06,-2.3215243816375732,-133.01353454589844,7.99069838075539e-12,-110.97415161132812
124,5.91901482493995e-07,591.9014892578125,177.57044982910156,1.9950516794153828e-09,-3.987767893676164e-10,2.0345158890933135e-09,-0.19728299975395203,-11.303483009338379,4.139254798607203e-18,-173.83078002929688
125,4.821508241548145e-07,482.15081787109375,144.64524841308594,-2.8247644223711177e-08,-1.692372819661614e-08,3.292934991350194e-08,-2.601820468902588,-149.0733184814453,1.0843420388009198e-15,-149.64833068847656
126,5.441309554043983e-07,544.1309814453125,163.23928833007812,-4.038652967608414e-09,2.9275174284748573e-08,2.955243694202636e-08,1.7078858613967896,97.85464477539062,8.733465551563472e-16,-150.588134765625
127,4.789407626049069e-07,478.9407653808594,143.68223571777344,1.3770682372182819e-09,-2.0664655764335293e-08,2.071048754714866e-08,-1.5042558908462524,-86.18750762939453,4.2892430253933605e-16,-153.6761932373047
128,7.853039392102801e-07,785.303955078125,235.5911865234375,-5.33224442378355e-09,-1.340563304808029e-08,1.4427190109245203e-08,-1.9493714570999146,-111.69075012207031,2.0814381487874298e-16,-156.81637573242188
129,4.796359007741557e-07,479.6358947753906,143.89077758789062,-2.381430341813484e-08,4.61947990970657e-08,5.1971920100868374e-08,2.0467820167541504,117.27196502685547,2.7010804956096625e-15,-145.68463134765625
130,5.516558303497732e-07,551.6558227539062,165.4967498779297,-3.09094403405652e-08,-3.865283648707418e-09,3.1150182877581756e-08,-3.0171866416931152,-172.87205505371094,9.703339451993327e-16,-150.1307830810547
131,5.449603577289963e-07,544.9603881835938,163.4881134033203,2.8054926003856506e-12,1.0386495136183171e-10,1.0390282384475924e-10,1.5437918901443481,88.45275115966797,1.0795796707338822e-20,-199.66744995117188
132,4.810729592463758e-07,481.0729675292969,144.32188415527344,-3.437302387165886e-10,8.526747363735154e-11,3.541482940239149e-10,2.8984358310699463,166.06813049316406,1.2542101480910847e-19,-189.01629638671875
133,5.294053266879928e-07,529.4053344726562,158.82159423828125,1.0518372839385393e-09,-2.836021639751607e-09,3.024794192896252e-09,-1.2156383991241455,-69.65094757080078,9.14938023536126e-18,-170.38607788085938
134,5.289040814204782e-07,528.904052734375,158.6712188720703,2.404663490551684e-08,-7.4197554766897156e-09,2.5165322270481738e-08,-0.2992885708808899,-17.14797019958496,6.332934474375382e-16,-151.98394775390625
135,6.09744461144146e-07,609.7444458007812,182.92333984375,-1.0457638921490542e-10,-9.45502343085991e-10,9.512680643197768e-10,-1.6809526681900024,-96.31148529052734,9.049109815097888e-19,-180.43394470214844
136,4.2790230736500234e-07,427.9023132324219,128.37069702148438,-1.457534040127939e-07,-4.889853499889796e-08,1.5373719008948683e-07,-2.817903995513916,-161.45399475097656,2.3635122857338167e-14,-136.26441955566406
137,4.2780862941071973e-07,427.8086242675781,128.34259033203125,-2.9713588034496752e-08,-7.91119791898609e-09,3.074872978459098e-08,-2.881380796432495,-165.0909423828125,9.45484433746615e-16,-150.2434539794922
138,6.105180432314228e-07,610.51806640625,183.15541076660156,-9.123737876315374e-10,1.9078700841390628e-09,2.114803665520526e-09,2.0168652534484863,115.557861328125,4.472394345687422e-18,-173.49459838867188
139,6.112654773460235e-07,611.2655029296875,183.379638671875,3.021564595750981e-11,-1.2445745822819987e-10,1.2807281624116484e-10,-1.332625389099121,-76.35380554199219,1.6402645811279886e-20,-197.85086059570312
140,4.790452408087731e-07,479.04522705078125,143.7135772705078,-2.6607800407418836e-09,2.026854772907427e-08,2.0442451287294716e-08,1.7013262510299683,97.47880554199219,4.178938159837169e-16,-153.78933715820312
141,9.153555993179907e-07,915.3555908203125,274.606689453125,-4.5879899879253117e-10,-1.1560151724765433e-09,1.2437313401392203e-09,-1.9486099481582642,-111.6471176147461,1.5468676569387174e-18,-178.10546875
142,5.520669219549745e-07,552.06689453125,165.6200714111328,-1.1481795514356463e-09,-1.0804472871939197e-09,1.5766048466758775e-09,-2.3865771293640137,-136.74078369140625,2.4856829106006766e-18,-176.04554748535156
143,5.45753152891848e-07,545.753173828125,163.7259521484375,5.038198191975596e-10,-1.389434678422674e-10,5.226276633685245e-10,-0.26909130811691284,-15.417795181274414,2.731396653065612e-19,-185.6361541748047
144,5.290891067488701e-07,529.089111328125,158.7267303466797,2.173474378253104e-08,-7.814398017558233e-09,2.309683644341476e-08,-0.34514373540878296,-19.775278091430664,5.334638383400409e-16,-152.72894287109375
145,5.971415930616786e-07,597.1416015625,179.14247131347656,-4.816642640292912e-09,-1.5340427816923352e-09,5.055030616318845e-09,-2.8332619667053223,-162.3339385986328,2.555333462052081e-17,-165.92552185058594
146,4.2941891820191813e-07,429.4189147949219,128.82566833496094,3.199593550107238e-07,-1.9930048722471838e-07,3.769544605347619e-07,-0.5570828318595886,-31.918493270874023,1.4209466936421222e-13,-128.47422790527344
147,4.4849755909126543e-07,448.49755859375,134.5492706298828,-1.7253861983590468e-07,2.2817984302037075e-07,2.860692234207818e-07,2.2182230949401855,127.09481811523438,8.183560030799661e-14,-130.87057495117188
148,5.135374294695794e-07,513.5374145507812,154.0612335205078,-4.998229385932973e-09,4.666166342204292e-10,5.019963111863035e-09,3.048506021499634,174.66651916503906,2.520002923728716e-17,-165.98599243164062
149,7.881094461481553e-07,788.1094360351562,236.43283081054688,9.89520909655539e-09,8.105532600666265e-08,8.165709175500524e-08,1.4493176937103271,83.03977966308594,6.6678806302355315e-15,-141.76011657714844
150,1.2128359685448231e-06,1212.8359375,363.8507995605469,6.883710268468235e-11,1.481108985457169e-10,1.633260054978436e-10,1.1357300281524658,65.0725326538086,2.6675384067117464e-20,-195.7388916015625
151,5.655087988998275e-07,565.5087890625,169.6526336669922,-9.72771232454761e-08,8.37650304674753e-08,1.2837219287575863e-07,2.4306914806365967,139.2683563232422,1.6479420706185834e-14,-137.83058166503906
152,9.500061537437432e-07,950.0061645507812,285.0018310546875,-2.6030660293940855e-08,1.6748676889832836e-09,2.608448745888836e-08,3.0773391723632812,176.31854248046875,6.804004965848165e-16,-151.67234802246094
153,4.4804085064242827e-07,448.0408630371094,134.41226196289062,1.471431545496671e-07,7.157455184092498e-10,1.4714488827394234e-07,0.004864241927862167,0.2787005305290222,2.16516173344233e-14,-136.6450958251953
154,5.555758662012522e-07,555.5758666992188,166.67276000976562,-5.699908878220583e-10,-2.3202800791821687e-10,6.154076692688193e-10,-2.7550036907196045,-157.85008239746094,3.7872660801135853e-19,-184.2167510986328
155,5.328416818883852e-07,532.8416748046875,159.85250854492188,-7.492553244503597e-10,-3.1976303827008223e-09,3.284238880851831e-09,-1.800959825515747,-103.18739318847656,1.0786225083815892e-17,-169.6713104248047
156,4.4804085064242827e-07,448.0408630371094,134.41226196289062,-2.707001556245814e-07,2.2390709286668198e-09,2.707094211018557e-07,3.133321523666382,179.52609252929688,7.328358975428398e-14,-131.3499298095703
157,6.094521722843638e-07,609.4521484375,182.8356475830078,-4.0484537944251997e-10,-2.440826152305675e-10,4.72732575307333e-10,-2.599041223526001,-148.91407775878906,2.2347607737100127e-19,-186.5076904296875
158,4.7212171239152667e-07,472.1217041015625,141.6365203857422,2.198025095268008e-09,6.074798442057272e-09,6.460223467286141e-09,1.2236244678497314,70.10851287841797,4.17344879076892e-17,-163.7950439453125
159,5.207131721363112e-07,520.7131958007812,156.21395874023438,1.3636551887685755e-09,9.194031314052609e-09,9.29461041465629e-09,1.4235501289367676,81.56340789794922,8.638978364552765e-17,-160.6353759765625
160,4.784112093147996e-07,478.4112243652344,143.5233612060547,8.753536206995705e-08,-2.527943365748797e-07,2.675209032076964e-07,-1.2374473810195923,-70.90050506591797,7.156743324051099e-14,-131.45285034179688
161,5.43869305147382e-07,543.8693237304688,163.16079711914062,-2.6344887160689723e-08,-6.607855151941067e-09,2.7160945492710198e-08,-2.895841360092163,-165.9194793701172,7.377169397244693e-16,-151.32110595703125
162,4.2769158881128533e-07,427.69158935546875,128.30747985839844,-3.852631778045179e-07,-1.5131297459447524e-06,1.5614061794622103e-06,-1.8201122283935547,-104.28474426269531,2.437989263595619e-12,-116.12968444824219
163,5.550446076085791e-07,555.0446166992188,166.5133819580078,-1.419531603374935e-08,-4.2862069449256524e-08,4.5151566041568e-08,-1.8906129598617554,-108.32413482666016,2.038663884923594e-15,-146.90655517578125
164,4.781152824762103e-07,478.11529541015625,143.43458557128906,9.534522504850429e-09,-7.977701699246609e-08,8.034475484919312e-08,-1.4518458843231201,-83.18463897705078,6.455279595639438e-15,-141.90084838867188
165,4.26649734208695e-07,426.64971923828125,127.99491882324219,-4.8661935592164696e-11,-4.3861302145842274e-08,4.3861327014838025e-08,-1.5719057321548462,-90.06356048583984,1.9238159581548044e-15,-147.1583709716797
166,5.444196062853734e-07,544.4196166992188,163.3258819580078,-2.041551372400363e-09,5.320145657350395e-09,5.6984106322488515e-09,1.9372071027755737,110.99378204345703,3.247188484444291e-17,-164.8849334716797
167,5.444513249130978e-07,544.4513549804688,163.3354034423828,1.8046486971456943e-08,4.658709329419253e-08,4.996031321979899e-08,1.2012242078781128,68.8250732421875,2.4960328773207096e-15,-146.02749633789062
168,5.542411827264004e-07,554.2412109375,166.27235412597656,9.275800572083881e-09,1.0734335198492317e-08,1.4186840147090152e-08,0.8581593036651611,49.16890335083008,2.012664367426301e-16,-156.96229553222656
169,6.083980679250089e-07,608.3980712890625,182.51942443847656,-1.0882818202162525e-08,-1.6944009528785386e-09,1.1013932876835497e-08,-2.987137794494629,-171.15037536621094,1.2130671181028135e-16,-159.16114807128906
170,5.432871148514096e-07,543.287109375,162.9861297607422,5.667037612511194e-07,-1.665253535065858e-08,5.669483584824775e-07,-0.029376450926065445,-1.683146595954895,3.2143043652080316e-13,-124.92913055419922
171,4.795314794137084e-07,479.531494140625,143.8594512939453,2.112786212649098e-08,-4.825125188290258e-08,5.267418856647055e-08,-1.158073902130127,-66.35274505615234,2.7745701329046297e-15,-145.56805419921875
172,4.26649734208695e-07,426.64971923828125,127.99491882324219,1.7565294285759592e-07,3.818796585619566e-07,4.203403705105302e-07,1.1396828889846802,65.29901885986328,1.76686031257145e-13,-127.52798461914062
173,4.627904388598836e-07,462.7904357910156,138.83712768554688,-4.34352465106258e-08,1.4214489851838152e-07,1.4863309161228244e-07,1.867355465888977,106.99158477783203,2.2091796640188836e-14,-136.5576934814453
174,4.624068310477014e-07,462.4068298339844,138.7220458984375,-1.0604969347127735e-08,4.1112361515160956e-08,4.245811524583587e-08,1.8232439756393433,104.46417999267578,1.8026915172468603e-15,-147.44078063964844
175,5.264280957817391e-07,526.4281005859375,157.92843627929688,-3.3356252515659435e-07,1.3777242884316365e-06,1.4175288924889173e-06,1.808336615562439,103.61005401611328,2.0093880986199464e-12,-116.96936798095703
176,4.819739274353196e-07,481.97393798828125,144.59217834472656,-6.466303830165998e-07,-1.020879309976408e-07,6.546394502038311e-07,-2.9850082397460938,-171.0283660888672,4.2855280955877983e-13,-123.6799545288086
177,5.630533905787161e-07,563.0534057617188,168.916015625,8.991807476377289e-08,3.131324888272502e-08,9.52143892618551e-08,0.33510780334472656,19.20026206970215,9.06578008193562e-15,-140.4259490966797
178,4.781152256327914e-07,478.115234375,143.4345703125,9.541299306192741e-09,-7.97830139731559e-08,8.035151921603756e-08,-1.4517710208892822,-83.18035125732422,6.456366762427239e-15,-141.90011596679688
179,7.594027238155832e-07,759.4027099609375,227.82081604003906,1.643485489921659e-07,-8.642448534601499e-08,1.8568694315490575e-07,-0.484121710062027,-27.738128662109375,3.447964163532172e-14,-134.62437438964844
180,5.505610829459329e-07,550.5610961914062,165.16831970214844,-7.403672697137154e-08,-6.990751444391208e-08,1.0182581888784625e-07,-2.3848729133605957,-136.6431427001953,1.0368497273054948e-14,-139.8428497314453
181,7.848963718970481e-07,784.8963623046875,235.4689178466797,8.081832447714987e-07,3.9811052232607835e-08,8.091631684692402e-07,0.049220144748687744,2.8201065063476562,6.547450298946544e-13,-121.83927917480469
182,5.195917651690252e-07,519.5917358398438,155.87753295898438,7.98456412098858e-08,-9.951656920748064e-08,1.2758869161189068e-07,-0.8946331739425659,-51.25870132446289,1.6278873797462116e-14,-137.88375854492188
183,7.791428515702137e-07,779.142822265625,233.74285888671875,8.379372502531623e-07,6.436715125346382e-07,1.0566228638708708e-06,0.6550238132476807,37.53009796142578,1.116451874526303e-12,-119.52159881591797
184,5.005023240300943e-07,500.5023193359375,150.15069580078125,5.324776619630711e-09,2.0382010745834123e-08,2.1066075106546123e-08,1.3152588605880737,75.35877990722656,4.4377951342872276e-16,-153.5283203125
185,4.2797597643584595e-07,427.9759826660156,128.39279174804688,-1.9284132122265873e-06,-2.0670381672971416e-06,2.8269107588130282e-06,-2.3215126991271973,-133.01287841796875,7.991424362530086e-12,-110.9737548828125
186,4.6059258806963044e-07,460.59259033203125,138.1777801513672,7.574786309305637e-07,-3.8491957639053e-06,3.923019448848208e-06,-1.3764903545379639,-78.86708068847656,1.5390081570254566e-11,-108.12759399414062
187,4.472050818549178e-07,447.205078125,134.16152954101562,9.108823064707394e-07,2.386497932604925e-08,9.111949452744739e-07,0.026193857192993164,1.5007973909378052,8.302762232077765e-13,-120.80776977539062
188,5.964016622783674e-07,596.4016723632812,178.92050170898438,1.389531156803514e-08,5.610678588396922e-09,1.4985305440973207e-08,0.38376256823539734,21.987974166870117,2.245593663360905e-16,-156.4866943359375
189,5.01126066865254e-07,501.1260681152344,150.3378143310547,4.3419980499947997e-08,7.058331874532087e-08,8.286917108080161e-08,1.019304871559143,58.40186309814453,6.8672997145899795e-15,-141.63214111328125
190,4.928537009618594e-07,492.85369873046875,147.85610961914062,-4.641855255727023e-08,-2.5355836896778783e-07,2.577722568730678e-07,-1.7518597841262817,-100.3741683959961,6.644653631569103e-14,-131.7752685546875
191,5.32251249296678e-07,532.251220703125,159.6753692626953,9.485630414474144e-08,4.886240390078456e-08,1.0670170524917921e-07,0.4756705164909363,27.2539119720459,1.1385253600082381e-14,-139.4365692138672
192,9.271717544834246e-07,927.1717529296875,278.1515197753906,-7.144921321255993e-10,3.351416033581245e-09,3.426731565170371e-09,1.780842900276184,102.03477478027344,1.1742488885319045e-17,-169.30239868164062
193,6.133627152848931e-07,613.3627319335938,184.00881958007812,9.275075818493406e-09,-4.860675417717175e-09,1.0471542744028284e-08,-0.48270806670188904,-27.657133102416992,1.0965320605217709e-16,-159.59979248046875
194,4.636671064872644e-07,463.6671142578125,139.10012817382812,3.2041957975792457e-09,-7.414296288033029e-09,8.077045698939855e-09,-1.1628729104995728,-66.6277084350586,6.523866950342832e-17,-161.85494995117188
195,5.117191790304787e-07,511.71917724609375,153.5157470703125,-3.242971224892699e-09,-4.326089708683867e-09,5.406654679518397e-09,-2.2140612602233887,-126.85636138916016,2.9231914338023756e-17,-165.3414306640625
196,4.806528295375756e-07,480.65283203125,144.1958465576172,4.898225824945257e-09,-9.128046762896247e-09,1.035923968828456e-08,-1.0782893896102905,-61.781429290771484,1.0731384663564852e-16,-159.6934356689453
197,5.552081461246416e-07,555.2081298828125,166.56243896484375,-7.639553878391325e-09,-2.0141479595281453e-09,7.900605503152747e-09,-2.8838112354278564,-165.23020935058594,6.24195651839537e-17,-162.0467987060547
198,6.076759291318012e-07,607.6759033203125,182.3027801513672,-1.015209249999316e-09,-1.3802257115003158e-09,1.7133806595737155e-09,-2.2049777507781982,-126.3359146118164,2.9356732997325864e-18,-175.32290649414062
199,4.280929886135709e-07,428.0929870605469,128.4279022216797,1.0525262439387006e-07,2.089424100404358e-07,2.3395521964175714e-07,1.104161262512207,63.26377487182617,5.473504543487481e-14,-132.6173553466797
200,5.196881716074131e-07,519.6881713867188,155.9064483642578,1.0728257171521705e-10,9.193863448331285e-09,9.194489614117174e-09,1.559127926826477,89.3314437866211,8.453863946141768e-17,-160.7294464111328
201,3.7977125089128094e-07,379.771240234375,113.9313735961914,-7.462215876330447e-07,7.924347755761119e-07,1.0884849643844063e-06,2.3261687755584717,133.27964782714844,1.1847995457989202e-12,-119.2635498046875
202,5.931121336288925e-07,593.1121215820312,177.9336395263672,-3.936179715502419e-10,2.4317834204645727e-11,3.943684545593129e-10,3.079890727996826,176.46473693847656,1.5552647292282612e-19,-188.0819549560547
203,5.803582894259307e-07,580.3582763671875,174.10748291015625,2.9010149837915833e-09,1.044649478032511e-09,3.0833713360323145e-09,0.3456422686576843,19.803842544555664,9.507178863682297e-18,-170.219482421875
204,4.3539503735701146e-07,435.3950500488281,130.61851501464844,5.990091267449316e-07,8.655666761114844e-07,1.0526241567276884e-06,0.9654307961463928,55.31510543823242,1.1080176489861038e-12,-119.55452728271484
205,1.0873512792386464e-06,1087.351318359375,326.20538330078125,2.4026067801941053e-09,1.5324627122836887e-09,2.8497300075258636e-09,0.5677745938301086,32.53108596801758,8.120961469025107e-18,-170.9039306640625
206,4.280929886135709e-07,428.0929870605469,128.4279022216797,-8.656251826444361e-10,7.6689525840834e-09,7.717650518657138e-09,1.6831945180892944,96.43993377685547,5.956213262361582e-17,-162.2502899169922
207,6.230651479199878e-07,623.0651245117188,186.91954040527344,-1.1004459565810976e-09,4.870075454022071e-10,1.2033941620970268e-09,2.724947452545166,156.1279754638672,1.4481575061057738e-18,-178.391845703125
208,6.024580443408922e-07,602.4580688476562,180.73741149902344,9.059846206582733e-09,3.0813811502383714e-09,9.569520287300293e-09,0.32784074544906616,18.783889770507812,9.15757163953125e-17,-160.3822021484375
209,4.288518198336533e-07,428.851806640625,128.65554809570312,3.658232117231819e-08,3.131932544420124e-07,3.1532249522570055e-07,1.4545189142227173,83.3377914428711,9.942827811082466e-14,-130.02490234375
210,3.823332974661753e-07,382.3332824707031,114.69998931884766,-2.0200352537358413e-06,5.249206651569693e-07,2.087123448291095e-06,2.8873584270477295,165.43344116210938,4.356084503526203e-12,-113.60903930664062
211,5.008473635825794e-07,500.84735107421875,150.25421142578125,1.158798612621581e-09,-5.799940527850822e-09,5.91456883469732e-09,-1.3735979795455933,-78.70136260986328,3.498212323191268e-17,-164.56153869628906
212,5.187595206734841e-07,518.759521484375,155.6278533935547,7.957448389106503e-08,2.741710192211144e-09,7.962170656128364e-08,0.0344410166144371,1.9733247756958008,6.339615976142443e-15,-141.9793701171875
213,4.7306610895248014e-07,473.06610107421875,141.91983032226562,5.860526730572246e-09,7.126592094230944e-10,5.90369841901861e-09,0.12100914120674133,6.933312892913818,3.4853655465338297e-17,-164.5775146484375
214,8.502282753397594e-07,850.228271484375,255.0684814453125,1.7615469083409607e-09,5.244280565364079e-09,5.53222623267402e-09,1.2467387914657593,71.43286895751953,3.0605527154506864e-17,-165.14199829101562
215,6.075300120755855e-07,607.530029296875,182.25900268554688,-6.686756703899732e-10,3.694928529807129e-10,7.639713306417661e-10,2.636775255203247,151.07608032226562,5.836521778688808e-19,-182.33847045898438
216,5.458960572468641e-07,545.8960571289062,163.76881408691406,-8.750260238610252e-11,-7.66321284206839e-10,7.713008010057365e-10,-1.684489130973816,-96.51411437988281,5.94904936126899e-19,-182.25552368164062
217,5.836589593855024e-07,583.658935546875,175.09768676757812,8.401219986353681e-08,-1.2055792808496335e-07,1.4694306571527704e-07,-0.9621797204017639,-55.12883377075195,2.1592264041743296e-14,-136.65701293945312
218,8.89872069365083e-07,889.8720703125,266.96160888671875,-3.505262080594207e-09,-3.944109927545014e-09,5.2766337965692856e-09,-2.297351837158203,-131.62855529785156,2.784286302258796e-17,-165.5528564453125
219,6.028464554219681e-07,602.846435546875,180.85394287109375,-4.107248319229484e-09,-4.9189812223460194e-09,6.408265473822894e-09,-2.266505241394043,-129.86117553710938,4.106586789239524e-17,-163.8651885986328
220,4.933582999910868e-07,493.3583068847656,148.0074920654297,1.4956311744640516e-09,-1.5800075914285117e-08,1.587070563857651e-08,-1.4764177799224854,-84.5925064086914,2.518793023190347e-16,-155.98806762695312
221,5.016796080781205e-07,501.6795959472656,150.50387573242188,8.666551365443809e-10,-2.0681212298256924e-09,2.2423685130945614e-09,-1.173972487449646,-67.26366424560547,5.028216703931204e-18,-172.98585510253906
222,5.110036340738588e-07,511.0036315917969,153.30108642578125,2.82607603985241e-09,-1.5503178740772228e-09,3.223381783712398e-09,-0.5017493367195129,-28.748117446899414,1.0390190031679591e-17,-169.83375549316406
223,5.460624947772885e-07,546.0625,163.81874084472656,-4.519382090784063e-10,1.1771242314218e-10,4.670164255315967e-10,2.8867924213409424,165.40101623535156,2.1810434062368777e-19,-186.61334228515625
224,6.075300120755855e-07,607.530029296875,182.25900268554688,-6.685774711634451e-10,3.6950667525736947e-10,7.638920052066567e-10,2.636697292327881,151.07162475585938,5.835309959091417e-19,-182.33935546875
225,5.273702186059381e-07,527.3702392578125,158.2110595703125,3.692242345199048e-11,-1.801224031039439e-10,1.8386774047751686e-10,-1.3686119318008423,-78.41567993164062,3.3807346617659606e-20,-194.70989990234375
226,5.456284384308674e-07,545.62841796875,163.68853759765625,9.176340576289022e-09,-1.673733329710103e-08,1.908778379799969e-08,-1.0692931413650513,-61.2659797668457,3.643434930857936e-16,-154.3848876953125
227,5.196881716074131e-07,519.6881713867188,155.9064483642578,-2.753137806621453e-08,-7.755415509791419e-08,8.22959478341545e-08,-1.9119144678115845,-109.54462432861328,6.772623030427104e-15,-141.6924285888672
228,5.108923915031482e-07,510.89239501953125,153.26771545410156,2.565831103140681e-08,8.060495604311768e-10,2.5670967573887538e-08,0.03140442818403244,1.799341082572937,6.589985680461013e-16,-151.8111572265625
229,1.067763832907076e-06,1067.7637939453125,320.32916259765625,4.347158721884625e-08,4.7128225766357446e-09,4.3726302578761533e-08,0.10798980295658112,6.187359809875488,1.911989472387003e-15,-147.18515014648438
230,5.11416033077694e-07,511.4160461425781,153.4248046875,-2.2492492313119783e-09,7.299853538485224e-13,2.2492492313119783e-09,3.141268014907837,179.98138427734375,5.0591222395677165e-18,-172.95925903320312
231,5.32977367129206e-07,532.9773559570312,159.89320373535156,9.864380245971915e-08,2.4042197566132018e-08,1.0153140550528406e-07,0.23906637728214264,13.697493553161621,1.0308626443244172e-14,-139.8679962158203
232,4.7417640303137887e-07,474.1763916015625,142.25291442871094,-9.792890978133073e-07,-2.682442982404609e-06,2.855609864127473e-06,-1.920836091041565,-110.05579376220703,8.154507451230142e-12,-110.88601684570312
233,5.210167159930279e-07,521.0167236328125,156.3050079345703,1.1005030664534843e-08,1.2540128935256689e-08,1.66842895055197e-08,0.8505040407180786,48.730289459228516,2.7836551965386425e-16,-155.55384826660156
234,5.178318929210945e-07,517.8319091796875,155.3495635986328,-5.07622189616086e-07,1.266594949811406e-06,1.3645303624798544e-06,1.9519723653793335,111.83977508544922,1.8619431083749527e-12,-117.30033874511719
235,5.184738256502897e-07,518.4738159179688,155.54214477539062,2.1916907400054697e-08,-2.2108523012320802e-08,3.113097335472048e-08,-0.7897505164146423,-45.24937057495117,9.69137511161336e-16,-150.13613891601562
236,5.187454235056066e-07,518.7454223632812,155.62362670898438,-1.625417311856836e-08,8.539647211591728e-09,1.836092700102654e-08,2.657846450805664,152.2833709716797,3.3712363933952343e-16,-154.72210693359375
237,6.074386078580574e-07,607.4385986328125,182.23158264160156,3.2541440653233167e-09,9.338805423420027e-11,3.2554838824694343e-09,0.028690317645668983,1.6438339948654175,1.0598175497719312e-17,-169.74769592285156
238,5.543315637623891e-07,554.33154296875,166.29946899414062,-8.588435740364275e-09,-1.1101478847308499e-08,1.4035814288604342e-08,-2.229249954223633,-127.72660827636719,1.9700408754270765e-16,-157.05523681640625
239,5.551348181143112e-07,555.1348266601562,166.5404510498047,1.1699129665032615e-08,4.313990231707976e-08,4.4698108325746944e-08,1.3059751987457275,74.82686614990234,1.9979209648859518e-15,-146.9942169189453
240,5.642219775836566e-07,564.2219848632812,169.26658630371094,1.5731422831066766e-09,-6.468940938475498e-09,6.6574750157144535e-09,-1.3322430849075317,-76.33190155029297,4.432197503820408e-17,-163.53379821777344
241,5.177351454221935e-07,517.7351684570312,155.32054138183594,4.328898910443968e-07,-1.3097635473968694e-06,1.3794469850836322e-06,-1.2515889406204224,-71.71076202392578,1.9028739087906255e-12,-117.20589447021484
242,4.800566557605634e-07,480.056640625,144.01699829101562,5.3705616342991647e-11,-9.395944022827507e-10,9.41128064368968e-10,-1.5137001276016235,-86.72862243652344,8.857220456597837e-19,-180.5270233154297
243,5.625252583740803e-07,562.5252685546875,168.75758361816406,8.752697056024772e-08,1.7754545922343823e-07,1.9794786965121602e-07,1.1127777099609375,63.75746154785156,3.9183357892959986e-14,-134.06898498535156
244,5.449604145724152e-07,544.9603881835938,163.48812866210938,-3.8546818514895165e-11,4.434576594825046e-10,4.451298218910438e-10,1.6575016975402832,94.96784973144531,1.9814055625957066e-19,-187.03025817871094
245,8.894716074792086e-07,889.4716186523438,266.84149169921875,-2.6689936927226654e-09,3.1794942234597556e-09,4.1512300263946145e-09,2.269127607345581,130.0114288330078,1.723270994959888e-17,-167.636474609375
246,7.79278707341291e-07,779.2786865234375,233.7836151123047,-7.938062429602155e-10,4.6335699721566925e-09,4.701074640678371e-09,1.740465521812439,99.72132110595703,2.210010206293446e-17,-166.55606079101562
247,8.237151973844448e-07,823.7152099609375,247.11456298828125,-1.3861170877760287e-08,-8.3056237443202e-09,1.615906697338687e-08,-2.6017611026763916,-149.06991577148438,2.61115455455014e-16,-155.8316650390625
248,4.95625158691837e-07,495.6251525878906,148.6875457763672,-8.730136613621653e-09,-1.47723691057422e-08,1.7159202059247036e-08,-2.104555130004883,-120.58212280273438,2.94438208056031e-16,-155.31005859375
249,8.669298949826043e-07,866.9298706054688,260.0789794921875,5.531301212613471e-07,2.7629781129689945e-07,6.18298827248509e-07,0.4632610082626343,26.542898178100586,3.8229342651588394e-13,-124.17603302001953
250,1.2612359796548844e-06,1261.2359619140625,378.37078857421875,2.5207091969292605e-10,9.252715926777455e-09,9.256148736369596e-09,1.5435601472854614,88.4394760131836,8.567629073636391e-17,-160.67138671875
251,5.457530960484291e-07,545.7531127929688,163.72592163085938,8.654419403342217e-09,-2.3866975062958318e-09,8.9774880862592e-09,-0.2690892517566681,-15.417677879333496,8.059529081036508e-17,-160.93690490722656
252,5.455366363094072e-07,545.53662109375,163.66099548339844,-8.322993849674276e-09,1.7417947972830916e-08,1.930433057850678e-08,2.016559362411499,115.54033660888672,3.7265717440265376e-16,-154.2869110107422
253,1.0946949942081119e-06,1094.6949462890625,328.40850830078125,-4.2531610233709216e-08,-4.8132520191757067e-08,6.423143616984817e-08,-2.294496536254883,-131.4649658203125,4.125677257509411e-15,-143.8450469970703
254,6.221115995685977e-07,622.111572265625,186.63348388671875,-1.6938955793577293e-10,1.8887368058440046e-10,2.5370472389596443e-10,2.301863193511963,131.8870391845703,6.436609001353351e-20,-191.91343688964844
255,9.914823522194638e-07,991.4823608398438,297.4447021484375,-4.9935010792978574e-08,1.5947280163075561e-09,4.996046953920086e-08,3.1096675395965576,178.1708221435547,2.4960485474302338e-15,-146.0274658203125
256,1.1302695384074468e-06,1130.26953125,339.08087158203125,2.7049169570858567e-09,-1.4498941602880677e-08,1.4749097942967637e-08,-1.3863569498062134,-79.4323959350586,2.1753588825146607e-16,-156.62469482421875
257,5.930586439717445e-07,593.0586547851562,177.91758728027344,3.9306449761689066e-10,-1.0322271509766168e-10,4.0639219767157897e-10,-0.25681135058403015,-14.714205741882324,1.6515462260839608e-19,-187.82110595703125
258,8.997694749268703e-07,899.7694702148438,269.93084716796875,-6.80091929439186e-08,-6.583853746633395e-07,6.618886345677311e-07,-1.673728108406067,-95.89755249023438,4.380965533921921e-13,-123.58429718017578
259,5.96485563164606e-07,596.4855346679688,178.94566345214844,-1.3464857673284314e-08,-6.245729267106981e-09,1.4842894024980069e-08,-2.707277536392212,-155.11557006835938,2.203115093405e-16,-156.5696258544922
260,5.442230417429528e-07,544.2230224609375,163.26690673828125,3.290747119244486e-10,-1.6791221746359497e-09,1.71106440127744e-09,-1.37726891040802,-78.91168975830078,2.9277414648388155e-18,-175.33465576171875
261,5.103906346448639e-07,510.390625,153.1171875,-1.9146506602396585e-08,-2.3544240335127142e-08,3.034666207213377e-08,-2.253542900085449,-129.1184844970703,9.209199488806482e-16,-150.3577880859375
262,5.442230417429528e-07,544.2230224609375,163.26690673828125,5.6188018682235e-09,-2.8687427544582533e-08,2.923250796982302e-08,-1.3773819208145142,-78.91816711425781,8.545395120515456e-16,-150.68267822265625
263,4.4731703496836417e-07,447.3170471191406,134.1951141357422,-8.935338087212585e-07,-8.635446135940583e-08,8.976969638752053e-07,-3.045248031616211,-174.47984313964844,8.058598276530771e-13,-120.93740844726562
264,5.449603577289963e-07,544.9603881835938,163.4881134033203,-3.8530536400349646e-11,4.434615452630908e-10,4.4513229213727357e-10,1.6574645042419434,94.96571350097656,1.9814275345807275e-19,-187.03021240234375
265,5.19688228450832e-07,519.688232421875,155.90646362304688,-8.467738865647334e-08,9.346955920364053e-08,1.2612223088126484e-07,2.3068809509277344,132.17453002929688,1.5906817963512454e-14,-137.9841766357422
266,5.258541477815015e-07,525.8541259765625,157.75624084472656,-4.5411785443150166e-09,1.0830070173994955e-08,1.1743623851145912e-08,1.9678393602371216,112.74888610839844,1.379127000969733e-16,-158.6039581298828
267,6.022681873218971e-07,602.2681884765625,180.68045043945312,1.7731981438728894e-09,1.2557571649196575e-09,2.1728223664752022e-09,0.6161999702453613,35.30565643310547,4.721156920793863e-18,-173.25950622558594
268,4.7407084480255435e-07,474.0708312988281,142.22125244140625,1.1888524795722333e-06,2.7303963179292623e-06,2.9779916985717136e-06,1.1601381301879883,66.47101593017578,8.868434632491873e-12,-110.52153015136719
269,7.328963533836941e-07,732.8963623046875,219.86891174316406,1.7113180206251855e-07,-2.462656993884593e-07,2.998881427629385e-07,-0.9634965658187866,-55.20428466796875,8.993289647056882e-14,-130.4608154296875
270,3.784369937420706e-07,378.4369812011719,113.53109741210938,-6.871254299767315e-06,-5.251641141512664e-06,8.648345101391897e-06,-2.4890074729919434,-142.609619140625,7.479387248432445e-11,-101.26133728027344
271,5.51871949028282e-07,551.8719482421875,165.56158447265625,-1.2667086934925464e-08,-1.3218341088361285e-08,1.830791163115464e-08,-2.334901809692383,-133.78001403808594,3.35179619316236e-16,-154.74722290039062
272,4.613641237938282e-07,461.3641357421875,138.40924072265625,4.941297149230195e-08,-2.1116758830430626e-07,2.1687182538698835e-07,-1.3409333229064941,-76.82981872558594,4.703338819756972e-14,-133.27593994140625
273,5.613035796159238e-07,561.3035888671875,168.3910675048828,5.258840918287433e-09,-1.2070434429745092e-08,1.3166275181220044e-08,-1.1599149703979492,-66.4582290649414,1.7335079836974972e-16,-157.61074829101562
274,4.704568823399313e-07,470.4568786621094,141.13706970214844,1.5151927357237582e-07,5.811256187371328e-07,6.005539603393117e-07,1.3157408237457275,75.38639068603516,3.60665056847731e-13,-124.428955078125
275,4.6174511680874275e-07,461.7451171875,138.52352905273438,2.083354644355495e-07,-7.294206056940311e-07,7.585895787087793e-07,-1.2925859689712524,-74.0597152709961,5.754581381724189e-13,-122.39986419677734
276,6.087594215387071e-07,608.7593994140625,182.62782287597656,-9.406820211665945e-09,-2.5622275412473527e-09,9.749527407620917e-09,-2.875663995742798,-164.76339721679688,9.505328295215894e-17,-160.2203369140625
277,5.173862973606447e-07,517.3862915039062,155.2158966064453,-4.387833314467571e-07,4.1254772042975674e-08,4.40718480376745e-07,3.0478475093841553,174.6287841796875,1.9423277276917755e-13,-127.11677551269531
278,5.515651082532713e-07,551.5651245117188,165.4695281982422,3.140557680580969e-08,2.1524360072078252e-09,3.147925298208065e-08,0.06842973083257675,3.9207346439361572,9.90943315597214e-16,-150.0395050048828
279,4.34131294468898e-07,434.13128662109375,130.23939514160156,-2.1618978962578694e-07,7.684399179197499e-07,7.982718557286717e-07,1.845043420791626,105.71319580078125,6.372379295245534e-13,-121.95698547363281
280,6.106562295826734e-07,610.65625,183.19686889648438,-9.428806624356412e-10,3.1154870350214026e-10,9.930188893392256e-10,2.8224644660949707,161.7152862548828,9.860865577178333e-19,-180.06085205078125
281,5.388953354668047e-07,538.8953247070312,161.66859436035156,-9.685367103884346e-07,9.548228945277515e-07,1.3600551937997807e-06,2.3633246421813965,135.4085235595703,1.8497501707431807e-12,-117.32887268066406
282,5.919319505665044e-07,591.9319458007812,177.57958984375,1.9584829313856744e-09,-6.904760097015128e-10,2.076634864067728e-09,-0.3389505445957184,-19.420434951782227,4.312412238545685e-18,-173.65280151367188
283,5.563007903219841e-07,556.30078125,166.89024353027344,-2.0381767384947125e-09,-8.08505884464239e-09,8.338005841324048e-09,-1.8177427053451538,-104.14897918701172,6.952234011081994e-17,-161.57875061035156
284,5.439613914859365e-07,543.9613647460938,163.18841552734375,2.5666446745731264e-08,7.975415883265669e-09,2.6877012615500462e-08,0.3012743890285492,17.261749267578125,7.223737849179049e-16,-151.41238403320312
285,4.799633757102129e-07,479.96337890625,143.989013671875,-2.461954196064653e-09,-3.741975174165191e-09,4.479240534038809e-09,-2.1527254581451416,-123.34207916259766,2.0063594975357482e-17,-166.97592163085938
286,4.3338437194506696e-07,433.3843688964844,130.0153045654297,-1.0769131364440909e-07,-1.5361094085619698e-07,1.8759995157324738e-07,-2.182237148284912,-125.03297424316406,3.519374123183393e-14,-134.53533935546875
287,5.433957426248526e-07,543.395751953125,163.0187225341797,9.641683895722508e-09,-2.6955353504831692e-08,2.8627839654404852e-08,-1.227286458015442,-70.31832885742188,8.195531867421211e-16,-150.86422729492188
288,9.259636613023758e-07,925.9636840820312,277.7890930175781,-3.877963550280583e-08,-1.1273934674704833e-08,4.038516721038832e-08,-2.858673095703125,-163.78990173339844,1.6309617281799185e-15,-147.8755645751953
289,1.1933460655200179e-06,1193.3460693359375,358.0038146972656,-8.728628930754212e-10,4.496749639315567e-09,4.580681611798809e-09,1.762521743774414,100.98505401611328,2.0982643921101874e-17,-166.78140258789062
290,5.107943366056134e-07,510.7943420410156,153.23829650878906,-2.5960822824799834e-08,7.608593199925906e-10,2.597196946396707e-08,3.112293004989624,178.3212432861328,6.745432108149938e-16,-151.70989990234375
291,4.7173176653814153e-07,471.7317810058594,141.51953125,-8.658918582149511e-10,4.749785276203511e-08,4.7505746891829403e-08,1.5890244245529175,91.04438781738281,2.2567960446652578e-15,-146.46507263183594
292,4.825914174944046e-07,482.5914306640625,144.7774200439453,-2.202183857491491e-08,-1.6736937169525845e-08,2.7660195911494156e-08,-2.4917125701904297,-142.7646026611328,7.650864271348278e-16,-151.1628875732422
293,9.499536304247158e-07,949.95361328125,284.986083984375,2.609865212832574e-08,-2.514608965498155e-09,2.6219513671321693e-08,-0.09605364501476288,-5.503468036651611,6.874628984803453e-16,-151.6275177001953
294,7.871111620261217e-07,787.1111450195312,236.1333465576172,-6.930817448846938e-07,8.971490501608059e-07,1.1336837815179024e-06,2.2285664081573486,127.68743896484375,1.2852389508558049e-12,-118.91015625
295,5.195918788558629e-07,519.5918579101562,155.8775634765625,-6.697024046431466e-10,-9.281412971517966e-09,9.305543002824379e-09,-1.6428266763687134,-94.12702941894531,8.659313110987278e-17,-160.6251678466797
296,5.31715841134428e-07,531.7158203125,159.51475524902344,7.090241069818148e-07,3.8985945138847455e-07,8.091387826425489e-07,0.5027307868003845,28.804349899291992,6.54705564935576e-13,-121.83953857421875
297,4.7075081965886056e-07,470.7508239746094,141.22525024414062,-2.433294525872043e-07,-1.7568903842857253e-07,3.001264019530936e-07,-2.516239643096924,-144.16990661621094,9.007585530327461e-14,-130.45391845703125
298,5.206169362281798e-07,520.616943359375,156.18507385253906,-1.9392927264050286e-09,-9.201229111965858e-09,9.403375855754348e-09,-1.7785205841064453,-101.90171813964844,8.842347666466072e-17,-160.53433227539062
299,7.804770802977146e-07,780.47705078125,234.14312744140625,9.155784397307798e-08,-9.678956303105224e-08,1.3323310099622176e-07,-0.8131679892539978,-46.59109115600586,1.7751059411437453e-14,-137.50775146484375
300,1.086448492060299e-06,1086.448486328125,325.9345397949219,2.3913720781365555e-08,3.638301393493748e-08,4.3538371130580344e-08,0.9893224239349365,56.683998107910156,1.8955898557369757e-15,-147.22256469726562
301,5.279007382341661e-07,527.9007568359375,158.37022399902344,2.309748614592877e-09,-2.1984805087527093e-08,2.210580518635652e-08,-1.4661191701889038,-84.00243377685547,4.886666480399251e-16,-153.10987854003906
302,4.604838466093497e-07,460.4838562011719,138.14515686035156,-5.082977736492467e-07,3.943804586015176e-06,3.976425432483666e-06,1.698974847793579,97.34408569335938,1.581195938071822e-11,-108.01013946533203
303,5.431949716694362e-07,543.1949462890625,162.95849609375,-5.707933610210603e-07,4.843550271971253e-08,5.728446694774902e-07,3.056938886642456,175.14968872070312,3.2815102631728044e-13,-124.8392562866211
304,4.77292076084268e-07,477.2920837402344,143.1876220703125,3.4153751471421856e-07,-1.3133854963598424e-06,1.3570664805229171e-06,-1.316387414932251,-75.4234390258789,1.8416294964712643e-12,-117.34797668457031
305,5.246282057669305e-07,524.6282348632812,157.38845825195312,1.54654369310947e-08,-5.882087350528309e-08,6.082002101948092e-08,-1.3136911392211914,-75.26895141601562,3.699075042855413e-15,-144.31906127929688
306,5.537887091122684e-07,553.7886962890625,166.13661193847656,5.168079724171548e-07,-1.8910386145876146e-08,5.171538646209228e-07,-0.03657442331314087,-2.095560073852539,2.6744811877296715e-13,-125.72760772705078
307,4.921383265354962e-07,492.1383361816406,147.64149475097656,-1.9125766357319662e-06,-4.731489752884954e-06,5.103425337438239e-06,-1.9549378156661987,-112.00968170166016,2.6044950918180376e-11,-105.84275817871094
308,5.263329398985661e-07,526.3329467773438,157.89988708496094,2.558068956659554e-07,-1.4105409036346828e-06,1.4335489595396211e-06,-1.391392469406128,-79.72090911865234,2.0550627172211122e-12,-116.87174987792969
309,4.26649734208695e-07,426.64971923828125,127.99491882324219,1.3488458534993697e-05,-1.6004700228222646e-05,2.0930574464728124e-05,-0.8705081939697266,-49.876441955566406,4.3808895400232473e-10,-93.5843734741211
310,4.6125558128551347e-07,461.2555847167969,138.37667846679688,-3.574284335172706e-08,2.169248887184949e-07,2.1984985210110608e-07,1.7340995073318481,99.35657501220703,4.833395646610186e-14,-133.157470703125
311,5.433034857560415e-07,543.303466796875,162.9910430908203,-8.202148293889877e-09,2.774349816547783e-08,2.8930552176120727e-08,1.8582502603530884,106.46989440917969,8.369768662253789e-16,-150.7728729248047
312,5.433034857560415e-07,543.303466796875,162.9910430908203,-1.4060294972750853e-07,4.75596095839137e-07,4.959443913321593e-07,1.8582438230514526,106.46952056884766,2.4596083091250887e-13,-126.09133911132812
313,4.998385634280567e-07,499.83856201171875,149.95156860351562,2.626550781315018e-07,3.7375068018263846e-07,4.5681207438974525e-07,0.9582239389419556,54.902183532714844,2.0867727305255018e-13,-126.80525207519531
314,4.616366311438469e-07,461.6366271972656,138.49098205566406,-1.6205571284899634e-07,7.518763709413179e-07,7.691424457334506e-07,1.7830837965011597,102.16316986083984,5.915801160570611e-13,-122.27986145019531
315,5.905990860810562e-07,590.5990600585938,177.1797332763672,-6.548831255059895e-09,2.1681010764496023e-08,2.264847509536594e-08,1.8641362190246582,106.80712890625,5.129534119783109e-16,-152.8992156982422
316,5.254343022897956e-07,525.434326171875,157.6302947998047,6.2874111472766e-10,-3.4822678074419855e-09,3.53857365631427e-09,-1.3921657800674438,-79.76522064208984,1.2521503597983723e-17,-169.0234375
317,5.790162731500459e-07,579.0162963867188,173.7048797607422,-2.0232079123161384e-07,8.153160813151317e-09,2.0248501186870271e-07,3.101316213607788,177.69232177734375,4.100017919031647e-14,-133.8721466064453
318,4.815302077076922e-07,481.53021240234375,144.4590606689453,-7.744121148789418e-07,-4.313782753229134e-08,7.756125910418632e-07,-3.0859460830688477,-176.81167602539062,6.015748879942273e-13,-122.20710754394531
319,4.3303847974129894e-07,433.0384826660156,129.9115447998047,-1.0184033271798398e-05,1.3908660321249045e-06,1.0278572517563589e-05,3.005859136581421,172.22303771972656,1.0564905200682873e-10,-99.76134490966797
320,5.316216515893757e-07,531.6216430664062,159.4864959716797,-7.383491151813359e-07,-3.5291327549202833e-07,8.183563977581798e-07,-2.695718765258789,-154.4532928466797,6.697071825052803e-13,-121.74114990234375
321,5.542517556023085e-07,554.2517700195312,166.27552795410156,-4.02755198081195e-08,-5.549042114694203e-09,4.06559870214096e-08,-3.0046775341033936,-172.15533447265625,1.652909304755343e-15,-147.8175048828125
322,5.257589350549097e-07,525.7589111328125,157.72767639160156,3.950683780118425e-09,-1.1200175009662416e-08,1.1876523764442481e-08,-1.2316879034042358,-70.57051086425781,1.4105181743438754e-16,-158.50621032714844
323,5.274787326925434e-07,527.478759765625,158.24362182617188,7.244617705737255e-08,-2.686310835997574e-07,2.782284980185068e-07,-1.3073766231536865,-74.90715789794922,7.741109999109125e-14,-131.11196899414062
324,5.089637511446199e-07,508.9637451171875,152.6891326904297,1.2147722827648977e-07,1.2219801703849953e-07,1.7230517812549806e-07,0.7883561253547668,45.16947555541992,2.968907400740378e-14,-135.27403259277344
325,3.7738462310699106e-07,377.3846130371094,113.21538543701172,-4.573706064547878e-06,-1.7920572645380162e-05,1.849501859396696e-05,-1.8206827640533447,-104.31743621826172,3.420657090913437e-10,-94.65890502929688
326,5.259288968773035e-07,525.9288940429688,157.77867126464844,-5.317057905074307e-09,1.2215163325279832e-09,5.455566665091283e-09,2.9157755374908447,167.06163024902344,2.9763209136744116e-17,-165.26319885253906
327,4.6944290943429223e-07,469.4429016113281,140.83287048339844,8.507744837515929e-07,-1.7142120896096458e-06,1.9137241906719282e-06,-1.1101078987121582,-63.6044921875,3.662340396226593e-12,-114.36241149902344
328,4.707874268206069e-07,470.78741455078125,141.23622131347656,-3.862363939788338e-07,5.706446017939015e-07,6.890673489579058e-07,2.1658105850219727,124.091796875,4.748138189049345e-13,-123.23477172851562
329,3.808716826370073e-07,380.8716735839844,114.26150512695312,7.089434802765027e-06,1.4700241990794893e-05,1.632045314181596e-05,1.1214358806610107,64.2535400390625,2.663571863070757e-10,-95.74535369873047
330,6.093224556025234e-07,609.3224487304688,182.79673767089844,3.3763700724165346e-09,-1.0283015328127476e-08,1.0823136165072356e-08,-1.2535425424575806,-71.82269287109375,1.1714027585674566e-16,-159.31292724609375
331,5.624362415801443e-07,562.4362182617188,168.73086547851562,-9.825181734868238e-08,-1.7423185738607572e-07,2.0002539713459555e-07,-2.084259510040283,-119.41926574707031,4.0010160305302064e-14,-133.97830200195312
332,5.544522423406306e-07,554.4522705078125,166.33567810058594,2.2687794754006063e-08,7.660648115859203e-09,2.3946221006099222e-08,0.32563504576683044,18.657512664794922,5.734215058960193e-16,-152.41525268554688
333,5.162950174053549e-07,516.2950439453125,154.8885040283203,7.58443491122307e-07,9.104351761379803e-07,1.1849593875012943e-06,0.876221776008606,50.20380783081055,1.4041287663829616e-12,-118.52593231201172
334,8.946102525442257e-07,894.6102294921875,268.3830871582031,-5.717823015061185e-08,-7.813544478096901e-09,5.7709634404545795e-08,-3.005781412124634,-172.2185821533203,3.330401834980611e-15,-144.77503967285156
335,4.331540708335524e-07,433.1540832519531,129.94622802734375,1.0097222912008874e-05,-6.471771598626219e-07,1.0117942110809963e-05,-0.06400702148675919,-3.6673319339752197,1.0237274916669037e-10,-99.89815521240234
336,7.605069640703732e-07,760.5069580078125,228.15208435058594,-1.6486593201747723e-09,-1.4483564569900409e-08,1.457709686292219e-08,-1.6841380596160889,-96.4939956665039,2.124917541110075e-16,-156.72657775878906
337,8.62819263147685e-07,862.8192749023438,258.84576416015625,8.803827000747333e-08,2.8067338675441533e-08,9.240407905508619e-08,0.3086216449737549,17.682716369628906,8.53851393073108e-15,-140.68617248535156
338,8.32425882890675e-07,832.4259033203125,249.72776794433594,2.16537152653018e-08,-3.002515214234336e-08,3.701882178575033e-08,-0.9459927082061768,-54.201385498046875,1.3703932177808143e-15,-148.6315460205078
339,4.2778526676556794e-07,427.7852783203125,128.33558654785156,-4.959284183314594e-07,-4.8356856297004924e-08,4.98280428473663e-07,-3.0443921089172363,-174.43081665039062,2.48283381701353e-13,-126.05052185058594
340,5.206169362281798e-07,520.616943359375,156.18507385253906,-1.9395267614186196e-09,-9.20122555925218e-09,9.403420264675333e-09,-1.7785450220108032,-101.90311431884766,8.842431046271818e-17,-160.53428649902344
341,4.276059542007715e-07,427.60595703125,128.2817840576172,-1.0760098589912559e-08,-2.222436457088861e-08,2.4692146993743336e-08,-2.0216898918151855,-115.83428955078125,6.097020975488483e-16,-152.14881896972656
342,4.785159148923412e-07,478.5158996582031,143.55477905273438,-1.020313362687375e-07,2.434684631680284e-07,2.6398348040856945e-07,1.9676369428634644,112.73728942871094,6.96872775956224e-14,-131.56846618652344
343,5.545424528463627e-07,554.54248046875,166.36273193359375,-2.2008666888950756e-08,-8.792359729170585e-09,2.3699936235743735e-08,-2.761521339416504,-158.2235107421875,5.616869761425542e-16,-152.5050506591797
344,5.437383379103267e-07,543.7383422851562,163.1215057373047,1.005941729914639e-08,1.1851912340432591e-08,1.554540673964766e-08,0.8670231699943542,49.67676544189453,2.4165966452195436e-16,-156.16795349121094
345,7.84960093369591e-07,784.9600830078125,235.48802185058594,-8.00698728653515e-07,-7.075152552715736e-08,8.038185228542716e-07,-3.053459405899048,-174.95033264160156,6.461242131605704e-13,-121.89683532714844
346,1.1458176913947682e-06,1145.8177490234375,343.74530029296875,1.809287830667472e-08,-1.0569083741529539e-07,1.0722828136522367e-07,-1.4012528657913208,-80.28587341308594,1.1497904746902467e-14,-139.39381408691406
347,3.8198140828171745e-07,381.9814147949219,114.59442138671875,6.282643880695105e-06,1.9568135485314997e-06,6.580328772542998e-06,0.3019402027130127,17.299898147583008,4.3300727586848e-11,-103.63504028320312
348,5.195918788558629e-07,519.5918579101562,155.8775634765625,-4.117440610684753e-09,-6.7038810058761555e-09,7.867359208546532e-09,-2.121582508087158,-121.5577163696289,6.1895337816387e-17,-162.0834197998047
349,5.543420797948784e-07,554.3421020507812,166.30262756347656,3.994565034304287e-08,7.661713929962843e-09,4.067378611694039e-08,0.18950198590755463,10.85766315460205,1.6543568840622007e-15,-147.81370544433594
350,7.861859216973244e-07,786.1859130859375,235.85577392578125,-2.713336222370799e-08,-6.702960320126294e-08,7.231311371924676e-08,-1.9554308652877808,-112.03793334960938,5.229186275478156e-15,-142.81565856933594
351,6.023748824190989e-07,602.3748779296875,180.71246337890625,-9.292399738569657e-09,-2.6395490237973718e-09,9.660016786483538e-09,-2.864828109741211,-164.14254760742188,9.331592573311176e-17,-160.30044555664062
352,4.78219931210333e-07,478.2199401855469,143.46597290039062,-1.4447460117139599e-08,7.79837066033906e-08,7.931070911126881e-08,1.7539819478988647,100.49575805664062,6.290188639054839e-15,-142.01336669921875
353,3.775173809117405e-07,377.51739501953125,113.25521087646484,2.9855511911591748e-06,1.7896458302857354e-05,1.814377901609987e-05,1.4054949283599854,80.52892303466797,3.291967254348549e-10,-94.82544708251953
354,5.443179702524503e-07,544.3179931640625,163.29539489746094,-2.964860579268702e-10,-6.723668288799445e-10,7.348340824719912e-10,-1.9861061573028564,-113.79549407958984,5.399811257303554e-19,-182.6762237548828
355,4.4838589019491337e-07,448.3858947753906,134.51576232910156,1.5822455168290617e-07,-2.432747692182602e-07,2.9020270631008316e-07,-0.9941438436508179,-56.960243225097656,8.4217612809738e-14,-130.7459716796875
356,4.2797597643584595e-07,427.9759826660156,128.39279174804688,3.0187602417797166e-10,-7.8399100544857e-09,7.845719629528958e-09,-1.5323102474212646,-87.79490661621094,6.15553136450685e-17,-162.10736083984375
357,8.734025414014468e-07,873.4025268554688,262.020751953125,8.89045210783479e-08,1.5750349291465682e-07,1.8086282693730027e-07,1.056918740272522,60.55698013305664,3.2711362102106484e-14,-134.85301208496094
358,5.506520324161102e-07,550.6520385742188,165.1956024169922,6.932354779110028e-08,7.316455707950809e-08,1.0079090628778431e-07,0.8123483657836914,46.54412841796875,1.015880664366562e-14,-139.93157958984375
359,6.126034008957504e-07,612.6033935546875,183.78102111816406,1.818654449259327e-09,-4.517837215445297e-09,4.870149616920116e-09,-1.1880937814712524,-68.07275390625,2.3718356854302576e-17,-166.24916076660156
360,4.950667289449484e-07,495.0667419433594,148.52001953125,-3.003785664645875e-08,7.715087235737883e-09,3.101282786133197e-08,2.890181541442871,165.59519958496094,9.617955354536542e-16,-150.16917419433594
361,4.267670306035143e-07,426.76702880859375,128.0301055908203,-1.444306434450482e-07,-3.875585719015362e-07,4.135962399232085e-07,-1.9275208711624146,-110.43880462646484,1.7106185446012084e-13,-127.66846466064453
362,3.8100313304312294e-07,381.0031433105469,114.30094146728516,-5.7257129810750484e-06,-1.4956454833736643e-05,1.601497206138447e-05,-1.9364100694656372,-110.9481201171875,2.564793377679564e-10,-95.90946960449219
363,5.547175874198729e-07,554.7175903320312,166.415283203125,-3.3300921131740324e-08,-7.865388340633217e-09,3.4217187305785046e-08,-2.9096519947052,-166.7107696533203,1.1708159500234665e-15,-149.3151092529297
364,4.4792903963752906e-07,447.9290466308594,134.3787078857422,2.7390180434849754e-07,-2.14877893256471e-08,2.747433711647318e-07,-0.07829035073518753,-4.485706329345703,7.548391707697111e-14,-131.22145080566406
365,5.45970806342666e-07,545.9708251953125,163.79124450683594,7.70085062384851e-09,-2.481673977428045e-09,8.090847103403576e-09,-0.31175142526626587,-17.86203956604004,6.546180974547063e-17,-161.84011840820312
366,5.513128940037859e-07,551.3128662109375,165.3938751220703,-3.6187397522979836e-09,-4.10755651714112e-09,5.474239728187058e-09,-2.2930121421813965,-131.37991333007812,2.996730106364055e-17,-165.2335205078125
367,6.101531653257553e-07,610.1531372070312,183.0459442138672,1.0045361070742942e-10,-6.421725928795752e-10,6.49982012657091e-10,-1.415626049041748,-81.10939025878906,4.2247660419959444e-19,-183.74197387695312
368,4.6954949084465625e-07,469.54949951171875,140.86485290527344,-9.504267381998943e-07,1.6315643733832985e-06,1.8882037693401799e-06,2.0982673168182373,120.22185516357422,3.5653134090873895e-12,-114.4790267944336
369,5.288093234412372e-07,528.809326171875,158.64279174804688,-2.3843519159072457e-08,8.926539507569942e-09,2.5459703678620826e-08,2.783365488052368,159.47508239746094,6.481965156884448e-16,-151.8829345703125
370,5.557071176554018e-07,555.7070922851562,166.71212768554688,1.0289034207966452e-10,-2.0831703029244864e-09,2.085709827071014e-09,-1.5214451551437378,-87.17237854003906,4.350185441217919e-18,-173.61492919921875
371,9.78550019681279e-07,978.550048828125,293.56500244140625,3.060386077891053e-08,4.274039108742578e-11,3.060388920061996e-08,0.0013965676771476865,0.08001743257045746,9.365979993387332e-16,-150.2844696044922
372,5.280231789583922e-07,528.023193359375,158.40695190429688,2.180777225468944e-10,-3.95418531251579e-10,4.5156803296642067e-10,-1.06679368019104,-61.122772216796875,2.0391368239912552e-19,-186.90553283691406
373,5.265635536488844e-07,526.5635375976562,157.9690704345703,1.8089177378222132e-10,-6.660466622676608e-10,6.901738625053611e-10,-1.3056029081344604,-74.80553436279297,4.763399690508451e-19,-183.2208251953125
374,9.140558177023195e-07,914.0558471679688,274.21673583984375,1.3763883366380014e-08,1.4237190315569137e-09,1.38373215108345e-08,0.10307218879461288,5.9056010246276855,1.9147146685458957e-16,-157.178955078125
375,5.555086204367399e-07,555.5086059570312,166.652587890625,5.374349854037064e-10,3.524122327291934e-09,3.5648666241172577e-09,1.4194605350494385,81.32909393310547,1.2708274362853296e-17,-168.95913696289062
376,4.782199880537519e-07,478.2200012207031,143.46600341796875,-1.444176778164774e-08,7.798413292903206e-08,7.931008383366134e-08,1.7539103031158447,100.49165344238281,6.29008953620001e-15,-142.013427734375
377,4.792327672475949e-07,479.2327575683594,143.76983642578125,3.189767783240427e-09,-1.5494004301785935e-08,1.581893727120587e-08,-1.3677618503570557,-78.36697387695312,2.5023878478866034e-16,-156.01644897460938
378,6.544620987369854e-07,654.4620971679688,196.338623046875,-3.0054361221942827e-09,-3.191650943534796e-09,4.383980289901501e-09,-2.3261547088623047,-133.27883911132812,1.921928345231848e-17,-167.16262817382812
379,4.2769158881128533e-07,427.69158935546875,128.30747985839844,3.071610876759223e-08,5.742314179713048e-09,3.1248255538685044e-08,0.18481461703777313,10.589097023010254,9.764534406058898e-16,-150.10348510742188
380,6.101531084823364e-07,610.1531372070312,183.04592895507812,1.0046641990557603e-10,-6.421688181212915e-10,6.499802363002516e-10,-1.4156057834625244,-81.10823059082031,4.224743036035158e-19,-183.7419891357422
381,8.932227046898333e-07,893.2227172851562,267.966796875,-1.5542045872507515e-08,-1.4902244993564295e-09,1.5613327519758968e-08,-3.046001434326172,-174.52301025390625,2.4377600281044883e-16,-156.13009643554688
382,1.2116579455323517e-06,1211.657958984375,363.49737548828125,7.45045625194507e-09,-4.1908531756007505e-08,4.2565645230752125e-08,-1.3948554992675781,-79.91932678222656,1.8118341791212864e-15,-147.41880798339844
383,4.2778535203069623e-07,427.78533935546875,128.33560180664062,1.5140965103910276e-07,3.845113738520922e-08,1.562157763146388e-07,0.24869689345359802,14.249281883239746,2.440336818797066e-14,-136.12550354003906
384,6.084804340389383e-07,608.4804077148438,182.54412841796875,1.0677125850122593e-08,2.222866557488601e-09,1.0906060055049238e-08,0.20525763928890228,11.760396003723145,1.1894213992868217e-16,-159.24664306640625
385,4.7212171239152667e-07,472.1217041015625,141.6365203857422,6.649699457739189e-08,5.575376960109679e-08,8.677749008256797e-08,0.6977447271347046,39.97782516479492,7.530332965261649e-15,-141.2318572998047
386,8.681922736286651e-07,868.1922607421875,260.4576721191406,3.700262540817789e-09,-3.631227798450709e-07,3.6314162343842327e-07,-1.560606598854065,-89.41616821289062,1.3187183550006365e-13,-128.79847717285156
387,4.628068381862249e-07,462.80682373046875,138.84205627441406,-1.5241094497575602e-10,1.693800122382072e-08,1.693868512120389e-08,1.57979416847229,90.51553344726562,2.869190436436954e-16,-155.4224090576172
388,5.449603008855775e-07,544.9603271484375,163.4880828857422,-6.56248499986134e-10,7.554906034101805e-09,7.5833543888848e-09,1.6574426889419556,94.96446228027344,5.750726378080139e-17,-162.4027862548828
389,5.549125603465654e-07,554.9125366210938,166.47377014160156,-1.6212831077666578e-09,-9.028280345546591e-10,1.8557094749738212e-09,-2.633497714996338,-150.88829040527344,3.4436577352008953e-18,-174.6298065185547
390,4.2901760366476083e-07,429.0176086425781,128.7052764892578,-2.0963194913292682e-07,2.692647882440724e-08,2.1135416261586215e-07,3.013845682144165,172.68063354492188,4.467058301494027e-14,-133.49978637695312
391,5.928532686994004e-07,592.853271484375,177.85598754882812,-3.825934569157141e-10,7.775970423118395e-10,8.666226625209106e-10,2.0280396938323975,116.19811248779297,7.510348631559767e-19,-181.243408203125
392,5.634632316287025e-07,563.4632568359375,169.03897094726562,2.9529056533306175e-08,1.4724826691292492e-08,3.299675555012982e-08,0.4625714421272278,26.503389358520508,1.088785891279571e-15,-149.6305694580078
393,5.11147732140671e-07,511.1477355957031,153.3443145751953,1.5921467477753026e-09,1.0311451692501805e-09,1.89688997842552e-09,0.57471764087677,32.92889404296875,3.598191410442899e-18,-174.4391632080078
394,5.445432975648146e-07,544.5432739257812,163.3629913330078,-1.5249113971549377e-08,-4.7042153283882726e-08,4.9451990946636215e-08,-1.8842668533325195,-107.96053314208984,2.4454993152039917e-15,-146.11631774902344
395,4.3522544501684024e-07,435.2254333496094,130.567626953125,-5.3604630068093684e-08,1.4913759116552683e-07,1.5847864176521398e-07,1.9158477783203125,109.76998901367188,2.5115480645188613e-14,-136.00057983398438
396,9.99065946416522e-07,999.06591796875,299.71978759765625,2.2686952760864187e-08,9.97127180824009e-09,2.4781527940831438e-08,0.4141010344028473,23.726240158081055,6.141241389291078e-16,-152.11744689941406
397,4.3435281327219855e-07,434.3528137207031,130.30584716796875,-2.1946391370875062e-08,1.5324413880080101e-06,1.5325985032177414e-06,1.5851165056228638,90.82048034667969,2.3488580871977582e-12,-116.29142761230469
398,5.106758180772886e-07,510.6758117675781,153.20274353027344,2.317224412351493e-09,1.2492805678832042e-09,2.6325330804155556e-09,0.4944579005241394,28.33034896850586,6.930230427761654e-18,-171.592529296875
399,5.452455980048398e-07,545.24560546875,163.5736846923828,-7.444611593854233e-11,3.3201996707532544e-10,3.402638726335283e-10,1.791369915008545,102.63793182373047,1.1577950098676695e-19,-189.3636932373047
400,5.10905579176324e-07,510.90557861328125,153.27166748046875,-2.7587969686493352e-09,1.740629640423208e-09,3.2620166567909337e-09,2.578734874725342,147.7506103515625,1.0640752965389254e-17,-169.73028564453125
401,5.922247510170564e-07,592.2247314453125,177.66741943359375,-4.731972105820326e-11,3.4697497652835807e-10,3.501867962274474e-10,1.7063380479812622,97.76596069335938,1.2263079243129932e-19,-189.11399841308594
402,1.2996165423828643e-06,1299.6165771484375,389.88494873046875,4.050503221719737e-08,-2.6614350723264124e-09,4.0592372130277e-08,-0.06561196595430374,-3.7592885494232178,1.6477407097111973e-15,-147.83111572265625
403,5.20920707458572e-07,520.9207153320312,156.27621459960938,-1.1861020610126616e-08,-1.1975797242769204e-08,1.685537043272234e-08,-2.35137939453125,-134.72410583496094,2.841035061270221e-16,-155.46522521972656
404,8.885392617230536e-07,888.5392456054688,266.561767578125,5.72606744242421e-08,-5.478517639545544e-09,5.752216480914285e-08,-0.09538644552230835,-5.465240478515625,3.308799530210311e-15,-144.8032989501953
405,5.457996508084761e-07,545.7996215820312,163.73989868164062,-2.170527757527907e-09,-8.851836597045804e-09,9.114066834570167e-09,-1.811258316040039,-103.77745056152344,8.306621164895899e-17,-160.80575561523438
406,3.79491069679716e-07,379.4910583496094,113.84732055664062,-4.011581950180698e-06,9.874570139345451e-08,4.012797035102267e-06,3.1169824600219727,178.58993530273438,1.6102539440732144e-11,-107.93106079101562
407,5.445115220936714e-07,544.5115356445312,163.35345458984375,2.3103361446175086e-09,-5.1419801749830185e-09,5.63716318069396e-09,-1.1485174894332886,-65.8051986694336,3.177760899527e-17,-164.97879028320312
408,5.636741775560949e-07,563.6741943359375,169.1022491455078,1.0569229935697422e-09,-2.327593229267677e-08,2.3299916662722353e-08,-1.5254191160202026,-87.40007019042969,5.428861269661793e-16,-152.6529083251953
409,5.803395310977066e-07,580.3395385742188,174.1018524169922,-3.2095599511450246e-09,-1.6965197247031938e-08,1.7266128082837895e-08,-1.7577714920043945,-100.71288299560547,2.981191750167818e-16,-155.256103515625
410,5.099762461213686e-07,509.97625732421875,152.9928741455078,3.988769137208692e-08,1.6764580834660592e-08,4.326753000327699e-08,0.39787837862968445,22.796751022338867,1.8720791857365117e-15,-147.27674865722656
411,4.6355904714801e-07,463.5590515136719,139.06771850585938,-2.7453670448096545e-09,7.71841168756282e-09,8.192126088601981e-09,1.9125317335128784,109.57999420166016,6.711092995421555e-17,-161.7320556640625
412,6.094849140936276e-07,609.4849243164062,182.84547424316406,-1.0260485794333363e-08,-9.945861911830889e-09,1.4289776473219717e-08,-2.3717637062072754,-135.8920440673828,2.041977133706118e-16,-156.8994903564453
413,9.264615528081777e-07,926.4615478515625,277.9384765625,-3.101555989815097e-08,-1.1986814207887164e-08,3.325129682707484e-08,-2.7727978229522705,-158.86959838867188,1.105648729072628e-15,-149.56382751464844
414,5.642951350637304e-07,564.2951049804688,169.28854370117188,1.217315315216183e-08,8.703833764833746e-10,1.2204229626888718e-08,0.07137876749038696,4.089702129364014,1.4894322635726183e-16,-158.26979064941406
415,7.316335768337012e-07,731.6336059570312,219.4900665283203,2.1558369667218358e-07,4.5293154471437447e-07,5.016207182961807e-07,1.1265535354614258,64.54676055908203,2.5162334780885753e-13,-125.99249267578125
416,5.977161663395236e-07,597.7161865234375,179.31484985351562,-6.91657786600075e-10,-1.8050613781461777e-10,7.148237557430548e-10,-2.886310577392578,-165.37339782714844,5.109729873226747e-19,-182.916015625
417,4.3544511640902783e-07,435.44512939453125,130.63352966308594,1.0866860122860089e-07,4.9446981620349106e-08,1.193895684536983e-07,0.4270252287387848,24.46674156188965,1.4253868742329472e-14,-138.46067810058594
418,8.499034720443888e-07,849.9034423828125,254.97103881835938,3.3525085996188864e-07,3.717187624374674e-08,3.373053516497748e-07,0.11042674630880356,6.326986312866211,1.1377490204307616e-13,-129.4395294189453
419,4.267670590252237e-07,426.7670593261719,128.03012084960938,6.381291655088717e-07,1.1462101383585832e-06,1.3118714150550659e-06,1.0628011226654053,60.89401626586914,1.7210065837713895e-12,-117.64217376708984
420,5.118238277646014e-07,511.8238220214844,153.54714965820312,-6.259703866362543e-08,9.509813025943004e-08,1.1385096598814926e-07,2.152939796447754,123.35435485839844,1.296204270084594e-14,-138.87326049804688
421,1.211699100167607e-06,1211.6990966796875,363.5097351074219,-8.471087831196655e-09,4.156024502321998e-08,4.241477569166818e-08,1.7718687057495117,101.52059173583984,1.7990132766734085e-15,-147.4496612548828
422,4.2676708744693315e-07,426.76708984375,128.03012084960938,-3.1451130588777687e-09,4.305830714201875e-08,4.317301716127986e-08,1.6437098979949951,94.1776351928711,1.863909341202007e-15,-147.29574584960938
423,4.811549274563731e-07,481.1549377441406,144.3464813232422,-1.3638193907539176e-09,9.899114167266632e-11,1.3674071874802962e-09,3.069135904312134,175.84852600097656,1.8698024835970228e-18,-177.28204345703125
424,5.286668169901532e-07,528.6668090820312,158.6000518798828,4.013941179437097e-08,-3.592466768509439e-08,5.3867932336970625e-08,-0.7300443053245544,-41.82845687866211,2.901754035758994e-15,-145.37339782714844
425,3.7856926837775973e-07,378.56927490234375,113.5707778930664,6.274919542192947e-06,5.707468062610133e-06,8.482323210046161e-06,0.738076388835907,42.288658142089844,7.194980722324829e-11,-101.42970275878906
426,8.803669402368541e-07,880.366943359375,264.1100769042969,-4.483013071876485e-09,5.754059007045953e-09,7.294286064052358e-09,2.232665538787842,127.92230224609375,5.320660950107284e-17,-162.74034118652344
427,8.635160497760808e-07,863.5160522460938,259.0548095703125,1.0892333701661983e-09,-9.654494093069843e-09,9.715743765070783e-09,-1.4584499597549438,-83.56302642822266,9.439567436517928e-17,-160.25047302246094
428,5.40050905328826e-07,540.0509033203125,162.01527404785156,7.445303396025338e-08,4.6956671440057107e-07,4.7543255732307443e-07,1.413548469543457,80.9903564453125,2.26036122328091e-13,-126.45822143554688
429,9.09675293314649e-07,909.67529296875,272.902587890625,2.204867677324529e-10,-1.7370950233797089e-09,1.7510322081193408e-09,-1.4445430040359497,-82.7662124633789,3.066113892067911e-18,-175.13412475585938
430,5.442229848995339e-07,544.2229614257812,163.2668914794922,5.622156074025497e-09,-2.8686585551440658e-08,2.923232322871172e-08,-1.3772637844085693,-78.9113998413086,8.545287123814681e-16,-150.6827392578125
431,5.186630005482584e-07,518.6630249023438,155.59890747070312,-8.055877742663142e-08,2.0490289465158185e-09,8.058483302875175e-08,3.1161630153656006,178.54298400878906,6.493915309462549e-15,-141.87493896484375
432,8.46085413286346e-07,846.0853881835938,253.82562255859375,-3.2875602240522994e-09,3.910005119678317e-08,3.923802083249939e-08,1.6546796560287476,94.80615234375,1.5396222479501062e-15,-148.1258544921875
433,8.460933145215677e-07,846.0933227539062,253.82798767089844,-3.84131162434187e-08,3.818582783310376e-08,5.416386983370103e-08,2.359161853790283,135.17001342773438,2.933724870836634e-15,-145.3258056640625
434,8.25134236492886e-07,825.1342163085938,247.54026794433594,-5.2154409263538426e-11,2.794267595085387e-10,2.842523438850719e-10,1.7553209066390991,100.57247161865234,8.079939643744041e-20,-190.92591857910156
435,1.0374343446528655e-06,1037.434326171875,311.2303161621094,1.3030139467407054e-10,1.7837058219338786e-10,2.2089480244957826e-10,0.9398863315582275,53.85151672363281,4.879451514862507e-20,-193.1162872314453
436,8.898156806935731e-07,889.815673828125,266.9447021484375,3.6587035623369957e-09,3.842652862573459e-09,5.30585442248821e-09,0.8099154233932495,46.40473175048828,2.815208960533988e-17,-165.50489807128906
437,8.448184303233575e-07,844.8184204101562,253.44552612304688,3.201435845312517e-07,2.8189336376271967e-07,4.2656273535612854e-07,0.7219487428665161,41.3646125793457,1.8195576881145648e-13,-127.40034484863281
438,4.7087786470001447e-07,470.87786865234375,141.26336669921875,1.6240016975643812e-06,-5.270408109936398e-07,1.7073821254598442e-06,-0.31380870938301086,-17.97991371154785,2.915153795440828e-12,-115.35338592529297
439,4.721216555481078e-07,472.12164306640625,141.63648986816406,6.650224548820916e-08,5.574946015940441e-08,8.67787406377829e-08,0.6976678371429443,39.973419189453125,7.530549805696146e-15,-141.2317352294922
440,5.024139113629644e-07,502.4139099121094,150.7241668701172,7.081931041597045e-09,1.325688714359785e-08,1.502993107749262e-08,1.0801584720611572,61.888519287109375,2.258988165932752e-16,-156.4608612060547
441,4.479290964809479e-07,447.9291076660156,134.37872314453125,-1.4900373912496434e-07,9.725226846057922e-09,1.493207832936605e-07,3.0764167308807373,176.26568603515625,2.2296695604195546e-14,-136.51759338378906
442,5.835732963532791e-07,583.5733032226562,175.07199096679688,-7.819686231869127e-08,1.2606692223471327e-07,1.4834965611498774e-07,2.1259946823120117,121.81051635742188,2.20076201999566e-14,-136.5742645263672
443,5.416642920863524e-07,541.664306640625,162.49928283691406,-4.1753919766129854e-10,-2.8507255223075845e-08,2.8510314109553292e-08,-1.585442066192627,-90.8391342163086,8.128380154154074e-16,-150.89996337890625
444,7.326690933950886e-07,732.6690673828125,219.8007354736328,-1.9883260904407507e-07,-5.816586323703632e-08,2.0716581161650538e-07,-2.856996774673462,-163.69384765625,4.291767204752002e-14,-133.67364501953125
445,1.1183504966538749e-06,1118.3504638671875,335.5051574707031,1.1962152379751956e-09,2.3140320770664857e-09,2.604932936023374e-09,1.0936888456344604,62.66374969482422,6.785675652634337e-18,-171.68408203125
446,5.286879627419694e-07,528.68798828125,158.60638427734375,2.0105306308693116e-10,-6.021125376065584e-09,6.024480914135211e-09,-1.5374174118041992,-88.0875244140625,3.6294369173111706e-17,-164.401611328125
447,5.551547133109125e-07,555.1547241210938,166.54641723632812,2.7206239483490435e-09,1.80625803203327e-09,3.2656335413605575e-09,0.5860939025878906,33.58070373535156,1.0664362354432743e-17,-169.72064208984375
448,5.204475996833935e-07,520.4475708007812,156.13427734375,3.217045740910862e-09,-7.25684090596701e-09,7.937954293879557e-09,-1.1535179615020752,-66.09170532226562,6.301111843593732e-17,-162.00582885742188
449,5.447291187010705e-07,544.7291259765625,163.41873168945312,-4.309543299996221e-08,1.2923511150120248e-08,4.499148431591493e-08,2.8502447605133057,163.30699157714844,2.024233619875933e-15,-146.93739318847656
450,6.120848183854832e-07,612.0848388671875,183.6254425048828,1.2016338146736416e-08,1.1764991825202742e-07,1.1826197976461117e-07,1.4690128564834595,84.1682357788086,1.398589546990547e-14,-138.54310607910156
451,4.789407626049069e-07,478.9407653808594,143.68223571777344,-1.5355557103635675e-10,-4.7830899241319e-09,4.785554175157358e-09,-1.602889060974121,-91.83877563476562,2.2901529234296262e-17,-166.40135192871094
452,6.293393539635872e-07,629.33935546875,188.8018035888672,-1.073730686584895e-07,-1.8664428225179108e-08,1.0898318691943132e-07,-2.969484567642212,-170.13893127441406,1.1877334849690925e-14,-139.2528076171875
453,4.280929886135709e-07,428.0929870605469,128.4279022216797,1.7464719803683693e-06,2.1732485038228333e-06,2.7880410016223323e-06,0.8938503265380859,51.21384811401367,7.773172730485278e-12,-111.0940170288086
454,5.00401597491873e-07,500.401611328125,150.1204833984375,4.123203556360977e-09,-1.2297784124370992e-08,1.2970593488148552e-08,-1.2472946643829346,-71.46471405029297,1.6823629432022004e-16,-157.7407989501953
455,5.551180493057473e-07,555.1180419921875,166.53541564941406,7.817016367539509e-09,1.6122910784233113e-09,7.981554972502636e-09,0.20340174436569214,11.654061317443848,6.370522223154282e-17,-161.958251953125
456,4.717318233815604e-07,471.7318115234375,141.51954650878906,-8.559218334092122e-10,4.6869100600588354e-08,4.6876916570681715e-08,1.5890562534332275,91.04621124267578,2.197445293084096e-15,-146.58082580566406
457,5.459708631860849e-07,545.9708862304688,163.791259765625,4.4933706755401204e-10,-1.448002412418603e-10,4.720920876444268e-10,-0.31174537539482117,-17.861692428588867,2.2287094305413045e-19,-186.51947021484375
458,4.93571803872328e-07,493.5718078613281,148.07154846191406,-2.2526196019612144e-08,-7.501914467411552e-08,7.832817061625974e-08,-1.862503170967102,-106.71356201171875,6.135302311902286e-15,-142.12164306640625
459,4.2780865783242916e-07,427.80865478515625,128.34259033203125,2.6733886215879465e-07,1.5135611874939059e-06,1.5369897710115765e-06,1.3959704637527466,79.98320770263672,2.3623375391274015e-12,-116.26658630371094
460,5.116213515066192e-07,511.621337890625,153.4864044189453,3.540759907494362e-09,4.1746104351148006e-09,5.473970166036679e-09,0.8673683404922485,49.69654083251953,2.996434968321496e-17,-165.23394775390625
461,4.929552801513637e-07,492.9552917480469,147.88658142089844,3.0106612314284575e-08,2.52743177497905e-07,2.545299935263756e-07,1.4522355794906616,83.20696258544922,6.47855182586525e-14,-131.88522338867188
